date,time,code,open,high,low,close,volume,amount,adjustflag
2022-07-01,20220701093500000,sh.600000,8.0100,8.0400,8.0100,8.0200,814989,6540084.0000,3
2022-07-01,20220701094000000,sh.600000,8.0100,8.0300,8.0100,8.0200,561500,4500107.0000,3
2022-07-01,20220701094500000,sh.600000,8.0200,8.0200,8.0100,8.0100,567996,4550430.0000,3
2022-07-01,20220701095000000,sh.600000,8.0200,8.0200,8.0000,8.0100,958804,7673820.0000,3
2022-07-01,20220701095500000,sh.600000,8.0000,8.0100,7.9800,7.9800,1141000,9122703.0000,3
2022-07-01,20220701100000000,sh.600000,7.9800,8.0000,7.9800,7.9900,467500,3733681.0000,3
2022-07-01,20220701100500000,sh.600000,7.9900,8.0000,7.9800,7.9900,336753,2690549.0000,3
2022-07-01,20220701101000000,sh.600000,8.0000,8.0000,7.9900,7.9900,151600,1211935.0000,3
2022-07-01,20220701101500000,sh.600000,8.0000,8.0000,7.9900,8.0000,480600,3844227.0000,3
2022-07-01,20220701102000000,sh.600000,8.0000,8.0000,7.9900,8.0000,295100,2359129.0000,3
2022-07-01,20220701102500000,sh.600000,8.0000,8.0000,7.9900,8.0000,491300,3927166.0000,3
2022-07-01,20220701103000000,sh.600000,8.0000,8.0000,7.9900,8.0000,190100,1519088.0000,3
2022-07-01,20220701103500000,sh.600000,8.0000,8.0000,7.9900,8.0000,322500,2578425.0000,3
2022-07-01,20220701104000000,sh.600000,7.9900,8.0000,7.9900,7.9900,150900,1206307.0000,3
2022-07-01,20220701104500000,sh.600000,8.0000,8.0000,7.9900,7.9900,576731,4612446.0000,3
2022-07-01,20220701105000000,sh.600000,8.0000,8.0000,7.9900,7.9900,377700,3018144.0000,3
2022-07-01,20220701105500000,sh.600000,7.9900,8.0000,7.9900,7.9900,500700,4001410.0000,3
2022-07-01,20220701110000000,sh.600000,7.9900,8.0000,7.9800,7.9900,344000,2748170.0000,3
2022-07-01,20220701110500000,sh.600000,7.9900,8.0000,7.9800,7.9900,132400,1057929.0000,3
2022-07-01,20220701111000000,sh.600000,8.0000,8.0000,7.9900,8.0000,152013,1215036.0000,3
2022-07-01,20220701111500000,sh.600000,8.0000,8.0000,7.9900,8.0000,383300,3062676.0000,3
2022-07-01,20220701112000000,sh.600000,8.0000,8.0000,7.9800,7.9900,277400,2215937.0000,3
2022-07-01,20220701112500000,sh.600000,7.9900,8.0000,7.9800,7.9800,279500,2232225.0000,3
2022-07-01,20220701113000000,sh.600000,7.9800,7.9900,7.9800,7.9800,175800,1403024.0000,3
2022-07-01,20220701130500000,sh.600000,7.9900,7.9900,7.9800,7.9900,553900,4420998.0000,3
2022-07-01,20220701131000000,sh.600000,7.9800,7.9900,7.9800,7.9800,155337,1239887.0000,3
2022-07-01,20220701131500000,sh.600000,7.9900,7.9900,7.9800,7.9800,279600,2233163.0000,3
2022-07-01,20220701132000000,sh.600000,7.9900,7.9900,7.9800,7.9800,215800,1723544.0000,3
2022-07-01,20220701132500000,sh.600000,7.9800,7.9900,7.9800,7.9900,128900,1029665.0000,3
2022-07-01,20220701133000000,sh.600000,7.9900,8.0000,7.9800,8.0000,300100,2397981.0000,3
2022-07-01,20220701133500000,sh.600000,7.9900,8.0000,7.9900,7.9900,222453,1778814.0000,3
2022-07-01,20220701134000000,sh.600000,7.9900,8.0000,7.9900,8.0000,67500,539478.0000,3
2022-07-01,20220701134500000,sh.600000,7.9900,8.0000,7.9900,7.9900,191043,1526536.0000,3
2022-07-01,20220701135000000,sh.600000,7.9900,8.0000,7.9900,7.9900,248000,1981682.0000,3
2022-07-01,20220701135500000,sh.600000,7.9900,7.9900,7.9800,7.9900,249000,1987901.0000,3
2022-07-01,20220701140000000,sh.600000,7.9900,7.9900,7.9800,7.9900,245700,1962434.0000,3
2022-07-01,20220701140500000,sh.600000,7.9900,8.0000,7.9800,7.9800,401349,3206621.0000,3
2022-07-01,20220701141000000,sh.600000,7.9800,7.9900,7.9800,7.9900,206500,1649028.0000,3
2022-07-01,20220701141500000,sh.600000,7.9800,8.0000,7.9800,7.9800,317300,2532980.0000,3
2022-07-01,20220701142000000,sh.600000,7.9900,8.0000,7.9800,7.9900,245200,1959066.0000,3
2022-07-01,20220701142500000,sh.600000,7.9900,8.0000,7.9900,7.9900,92000,735196.0000,3
2022-07-01,20220701143000000,sh.600000,8.0000,8.0000,7.9800,8.0000,268872,2148477.0000,3
2022-07-01,20220701143500000,sh.600000,8.0000,8.0000,7.9800,7.9800,468728,3741567.0000,3
2022-07-01,20220701144000000,sh.600000,7.9800,7.9900,7.9800,7.9800,214800,1714656.0000,3
2022-07-01,20220701144500000,sh.600000,7.9900,7.9900,7.9800,7.9900,226273,1806563.0000,3
2022-07-01,20220701145000000,sh.600000,7.9900,7.9900,7.9800,7.9900,1073646,8576000.0000,3
2022-07-01,20220701145500000,sh.600000,7.9800,7.9900,7.9800,7.9800,978100,7808148.0000,3
2022-07-01,20220701150000000,sh.600000,7.9800,7.9900,7.9800,7.9900,366500,2926622.0000,3
2022-07-04,20220704093500000,sh.600000,7.9900,8.0000,7.9600,7.9700,1749014,13953906.0000,3
2022-07-04,20220704094000000,sh.600000,7.9800,7.9800,7.9600,7.9600,854900,6814620.0000,3
2022-07-04,20220704094500000,sh.600000,7.9600,7.9700,7.9500,7.9600,984186,7834316.0000,3
2022-07-04,20220704095000000,sh.600000,7.9600,7.9600,7.9500,7.9600,590900,4701702.0000,3
2022-07-04,20220704095500000,sh.600000,7.9600,7.9600,7.9500,7.9500,309270,2460803.0000,3
2022-07-04,20220704100000000,sh.600000,7.9500,7.9600,7.9400,7.9500,1177030,9357726.0000,3
2022-07-04,20220704100500000,sh.600000,7.9500,7.9600,7.9400,7.9500,487672,3878625.0000,3
2022-07-04,20220704101000000,sh.600000,7.9500,7.9600,7.9500,7.9500,584171,4644854.0000,3
2022-07-04,20220704101500000,sh.600000,7.9500,7.9600,7.9500,7.9500,178800,1421924.0000,3
2022-07-04,20220704102000000,sh.600000,7.9600,7.9700,7.9500,7.9600,435900,3469680.0000,3
2022-07-04,20220704102500000,sh.600000,7.9600,7.9600,7.9500,7.9500,117900,938198.0000,3
2022-07-04,20220704103000000,sh.600000,7.9500,7.9600,7.9500,7.9600,284000,2258298.0000,3
2022-07-04,20220704103500000,sh.600000,7.9600,7.9700,7.9500,7.9600,444300,3536977.0000,3
2022-07-04,20220704104000000,sh.600000,7.9600,7.9700,7.9500,7.9600,259100,2062075.0000,3
2022-07-04,20220704104500000,sh.600000,7.9600,7.9700,7.9500,7.9700,151444,1205338.0000,3
2022-07-04,20220704105000000,sh.600000,7.9700,7.9700,7.9500,7.9600,167700,1335176.0000,3
2022-07-04,20220704105500000,sh.600000,7.9600,7.9700,7.9500,7.9500,180800,1439434.0000,3
2022-07-04,20220704110000000,sh.600000,7.9600,7.9600,7.9500,7.9600,102900,818699.0000,3
2022-07-04,20220704110500000,sh.600000,7.9600,7.9600,7.9500,7.9600,57600,458136.0000,3
2022-07-04,20220704111000000,sh.600000,7.9600,7.9600,7.9500,7.9600,164700,1310588.0000,3
2022-07-04,20220704111500000,sh.600000,7.9600,7.9600,7.9500,7.9600,102400,814858.0000,3
2022-07-04,20220704112000000,sh.600000,7.9600,7.9600,7.9500,7.9600,160300,1275452.0000,3
2022-07-04,20220704112500000,sh.600000,7.9500,7.9700,7.9500,7.9500,258500,2057394.0000,3
2022-07-04,20220704113000000,sh.600000,7.9500,7.9700,7.9500,7.9600,354100,2815791.0000,3
2022-07-04,20220704130500000,sh.600000,7.9700,7.9700,7.9600,7.9700,147550,1175152.0000,3
2022-07-04,20220704131000000,sh.600000,7.9700,7.9700,7.9600,7.9600,144019,1147270.0000,3
2022-07-04,20220704131500000,sh.600000,7.9600,7.9700,7.9600,7.9700,61600,490662.0000,3
2022-07-04,20220704132000000,sh.600000,7.9600,7.9700,7.9500,7.9600,443204,3527088.0000,3
2022-07-04,20220704132500000,sh.600000,7.9600,7.9700,7.9500,7.9600,319869,2545986.0000,3
2022-07-04,20220704133000000,sh.600000,7.9600,7.9700,7.9600,7.9600,133859,1065837.0000,3
2022-07-04,20220704133500000,sh.600000,7.9600,7.9700,7.9600,7.9700,125700,1001315.0000,3
2022-07-04,20220704134000000,sh.600000,7.9700,7.9700,7.9600,7.9600,154200,1228227.0000,3
2022-07-04,20220704134500000,sh.600000,7.9600,7.9700,7.9600,7.9700,103500,824192.0000,3
2022-07-04,20220704135000000,sh.600000,7.9700,7.9700,7.9600,7.9600,617041,4912197.0000,3
2022-07-04,20220704135500000,sh.600000,7.9600,7.9700,7.9500,7.9700,484900,3859347.0000,3
2022-07-04,20220704140000000,sh.600000,7.9700,7.9700,7.9500,7.9600,302562,2407374.0000,3
2022-07-04,20220704140500000,sh.600000,7.9600,7.9600,7.9500,7.9600,384800,3060796.0000,3
2022-07-04,20220704141000000,sh.600000,7.9600,7.9600,7.9500,7.9500,136300,1084443.0000,3
2022-07-04,20220704141500000,sh.600000,7.9500,7.9700,7.9500,7.9600,325100,2587567.0000,3
2022-07-04,20220704142000000,sh.600000,7.9600,7.9600,7.9500,7.9600,271100,2156768.0000,3
2022-07-04,20220704142500000,sh.600000,7.9500,7.9600,7.9500,7.9600,360500,2867170.0000,3
2022-07-04,20220704143000000,sh.600000,7.9600,7.9600,7.9500,7.9600,350500,2787555.0000,3
2022-07-04,20220704143500000,sh.600000,7.9600,7.9600,7.9500,7.9600,404900,3221702.0000,3
2022-07-04,20220704144000000,sh.600000,7.9600,7.9700,7.9500,7.9600,712000,5666032.0000,3
2022-07-04,20220704144500000,sh.600000,7.9600,7.9600,7.9500,7.9600,764509,6080952.0000,3
2022-07-04,20220704145000000,sh.600000,7.9600,7.9700,7.9600,7.9700,180892,1440418.0000,3
2022-07-04,20220704145500000,sh.600000,7.9600,7.9700,7.9600,7.9600,397046,3162537.0000,3
2022-07-04,20220704150000000,sh.600000,7.9600,7.9700,7.9600,7.9600,738771,5881932.0000,3
2022-07-05,20220705093500000,sh.600000,7.9600,8.0000,7.9500,7.9900,1721431,13751385.0000,3
2022-07-05,20220705094000000,sh.600000,7.9900,8.0000,7.9800,7.9900,537900,4298839.0000,3
2022-07-05,20220705094500000,sh.600000,7.9900,8.0000,7.9800,7.9900,520100,4155309.0000,3
2022-07-05,20220705095000000,sh.600000,7.9900,8.0000,7.9800,7.9900,327200,2614044.0000,3
2022-07-05,20220705095500000,sh.600000,7.9900,8.0000,7.9800,7.9800,446300,3564372.0000,3
2022-07-05,20220705100000000,sh.600000,7.9800,7.9900,7.9700,7.9700,436800,3485835.0000,3
2022-07-05,20220705100500000,sh.600000,7.9700,8.0000,7.9700,7.9900,1122400,8963368.0000,3
2022-07-05,20220705101000000,sh.600000,7.9800,7.9900,7.9800,7.9800,225200,1798179.0000,3
2022-07-05,20220705101500000,sh.600000,7.9800,7.9900,7.9800,7.9900,129100,1030820.0000,3
2022-07-05,20220705102000000,sh.600000,7.9900,7.9900,7.9800,7.9800,459791,3669432.0000,3
2022-07-05,20220705102500000,sh.600000,7.9900,7.9900,7.9800,7.9900,170800,1363309.0000,3
2022-07-05,20220705103000000,sh.600000,7.9900,7.9900,7.9800,7.9900,640690,5118554.0000,3
2022-07-05,20220705103500000,sh.600000,7.9800,8.0000,7.9800,7.9900,1165116,9309439.0000,3
2022-07-05,20220705104000000,sh.600000,7.9900,7.9900,7.9800,7.9900,252086,2011999.0000,3
2022-07-05,20220705104500000,sh.600000,7.9900,7.9900,7.9800,7.9800,174100,1389349.0000,3
2022-07-05,20220705105000000,sh.600000,7.9800,7.9900,7.9700,7.9800,237401,1893672.0000,3
2022-07-05,20220705105500000,sh.600000,7.9800,7.9800,7.9700,7.9700,86100,686358.0000,3
2022-07-05,20220705110000000,sh.600000,7.9700,7.9800,7.9600,7.9700,437900,3489059.0000,3
2022-07-05,20220705110500000,sh.600000,7.9700,7.9700,7.9600,7.9600,173000,1377937.0000,3
2022-07-05,20220705111000000,sh.600000,7.9600,7.9700,7.9500,7.9600,598600,4763681.0000,3
2022-07-05,20220705111500000,sh.600000,7.9600,7.9600,7.9400,7.9500,812400,6456204.0000,3
2022-07-05,20220705112000000,sh.600000,7.9500,7.9600,7.9400,7.9600,1059700,8423354.0000,3
2022-07-05,20220705112500000,sh.600000,7.9600,7.9600,7.9500,7.9600,155417,1235637.0000,3
2022-07-05,20220705113000000,sh.600000,7.9600,7.9600,7.9500,7.9500,97800,777782.0000,3
2022-07-05,20220705130500000,sh.600000,7.9600,7.9600,7.9500,7.9600,461600,3672380.0000,3
2022-07-05,20220705131000000,sh.600000,7.9600,7.9600,7.9500,7.9600,336226,2673539.0000,3
2022-07-05,20220705131500000,sh.600000,7.9600,7.9600,7.9500,7.9600,190600,1515919.0000,3
2022-07-05,20220705132000000,sh.600000,7.9600,7.9800,7.9500,7.9800,521700,4154625.0000,3
2022-07-05,20220705132500000,sh.600000,7.9700,7.9700,7.9600,7.9600,362100,2884783.0000,3
2022-07-05,20220705133000000,sh.600000,7.9600,7.9700,7.9500,7.9600,314303,2502363.0000,3
2022-07-05,20220705133500000,sh.600000,7.9700,7.9700,7.9500,7.9700,211700,1685116.0000,3
2022-07-05,20220705134000000,sh.600000,7.9700,7.9700,7.9500,7.9600,398900,3175152.0000,3
2022-07-05,20220705134500000,sh.600000,7.9600,7.9700,7.9500,7.9700,141200,1123899.0000,3
2022-07-05,20220705135000000,sh.600000,7.9700,7.9700,7.9500,7.9600,389800,3100836.0000,3
2022-07-05,20220705135500000,sh.600000,7.9600,7.9700,7.9500,7.9500,435700,3466027.0000,3
2022-07-05,20220705140000000,sh.600000,7.9500,7.9600,7.9400,7.9400,636100,5056085.0000,3
2022-07-05,20220705140500000,sh.600000,7.9400,7.9500,7.9400,7.9500,190100,1510331.0000,3
2022-07-05,20220705141000000,sh.600000,7.9400,7.9600,7.9400,7.9400,527586,4193254.0000,3
2022-07-05,20220705141500000,sh.600000,7.9500,7.9600,7.9500,7.9600,151992,1208779.0000,3
2022-07-05,20220705142000000,sh.600000,7.9600,7.9600,7.9500,7.9600,335267,2666749.0000,3
2022-07-05,20220705142500000,sh.600000,7.9500,7.9600,7.9400,7.9600,640141,5088868.0000,3
2022-07-05,20220705143000000,sh.600000,7.9500,7.9700,7.9500,7.9700,325200,2587731.0000,3
2022-07-05,20220705143500000,sh.600000,7.9600,7.9700,7.9500,7.9600,299300,2382598.0000,3
2022-07-05,20220705144000000,sh.600000,7.9700,7.9700,7.9600,7.9600,230100,1832034.0000,3
2022-07-05,20220705144500000,sh.600000,7.9700,7.9700,7.9600,7.9700,156700,1247781.0000,3
2022-07-05,20220705145000000,sh.600000,7.9700,7.9700,7.9600,7.9600,260162,2072087.0000,3
2022-07-05,20220705145500000,sh.600000,7.9700,7.9800,7.9600,7.9800,1047734,8345999.0000,3
2022-07-05,20220705150000000,sh.600000,7.9800,7.9800,7.9700,7.9800,770700,6149411.0000,3
2022-07-06,20220706093500000,sh.600000,7.9700,7.9800,7.9500,7.9600,894785,7128026.0000,3
2022-07-06,20220706094000000,sh.600000,7.9500,7.9700,7.9500,7.9600,626329,4986328.0000,3
2022-07-06,20220706094500000,sh.600000,7.9500,7.9600,7.9400,7.9500,901315,7162856.0000,3
2022-07-06,20220706095000000,sh.600000,7.9500,7.9500,7.9300,7.9500,668400,5307273.0000,3
2022-07-06,20220706095500000,sh.600000,7.9500,7.9500,7.9400,7.9500,323800,2571297.0000,3
2022-07-06,20220706100000000,sh.600000,7.9500,7.9500,7.9200,7.9200,2265700,17957650.0000,3
2022-07-06,20220706100500000,sh.600000,7.9200,7.9300,7.9000,7.9200,1679213,13290059.0000,3
2022-07-06,20220706101000000,sh.600000,7.9200,7.9300,7.9000,7.9100,839200,6640848.0000,3
2022-07-06,20220706101500000,sh.600000,7.9200,7.9200,7.9000,7.9000,621700,4915818.0000,3
2022-07-06,20220706102000000,sh.600000,7.9100,7.9200,7.9000,7.9100,768700,6080694.0000,3
2022-07-06,20220706102500000,sh.600000,7.9100,7.9200,7.9000,7.9100,688100,5440507.0000,3
2022-07-06,20220706103000000,sh.600000,7.9100,7.9100,7.9000,7.9100,492500,3894561.0000,3
2022-07-06,20220706103500000,sh.600000,7.9100,7.9200,7.9000,7.9000,576200,4556777.0000,3
2022-07-06,20220706104000000,sh.600000,7.9100,7.9100,7.9000,7.9100,225600,1783912.0000,3
2022-07-06,20220706104500000,sh.600000,7.9000,7.9100,7.9000,7.9100,338200,2673480.0000,3
2022-07-06,20220706105000000,sh.600000,7.9000,7.9100,7.9000,7.9000,216900,1715161.0000,3
2022-07-06,20220706105500000,sh.600000,7.9100,7.9100,7.9000,7.9100,554301,4379885.0000,3
2022-07-06,20220706110000000,sh.600000,7.9100,7.9100,7.9000,7.9100,1001400,7911649.0000,3
2022-07-06,20220706110500000,sh.600000,7.9100,7.9100,7.9000,7.9000,377300,2981680.0000,3
2022-07-06,20220706111000000,sh.600000,7.9100,7.9200,7.9000,7.9100,721837,5709344.0000,3
2022-07-06,20220706111500000,sh.600000,7.9100,7.9200,7.9000,7.9100,213536,1688695.0000,3
2022-07-06,20220706112000000,sh.600000,7.9100,7.9100,7.9000,7.9000,183400,1450032.0000,3
2022-07-06,20220706112500000,sh.600000,7.9000,7.9100,7.9000,7.9100,403500,3188746.0000,3
2022-07-06,20220706113000000,sh.600000,7.9100,7.9100,7.9000,7.9000,285200,2253903.0000,3
2022-07-06,20220706130500000,sh.600000,7.9000,7.9100,7.9000,7.9000,532474,4207369.0000,3
2022-07-06,20220706131000000,sh.600000,7.9100,7.9100,7.8900,7.9100,732526,5786821.0000,3
2022-07-06,20220706131500000,sh.600000,7.9100,7.9100,7.9000,7.9000,210059,1659717.0000,3
2022-07-06,20220706132000000,sh.600000,7.9000,7.9100,7.9000,7.9000,117600,929288.0000,3
2022-07-06,20220706132500000,sh.600000,7.9100,7.9100,7.9000,7.9000,341955,2701575.0000,3
2022-07-06,20220706133000000,sh.600000,7.9000,7.9100,7.9000,7.9000,111400,880360.0000,3
2022-07-06,20220706133500000,sh.600000,7.9100,7.9100,7.9000,7.9100,189300,1496409.0000,3
2022-07-06,20220706134000000,sh.600000,7.9100,7.9100,7.9000,7.9100,262340,2073169.0000,3
2022-07-06,20220706134500000,sh.600000,7.9100,7.9100,7.9000,7.9100,193600,1530484.0000,3
2022-07-06,20220706135000000,sh.600000,7.9000,7.9100,7.9000,7.9000,162300,1282808.0000,3
2022-07-06,20220706135500000,sh.600000,7.9100,7.9100,7.8900,7.8900,786646,6214502.0000,3
2022-07-06,20220706140000000,sh.600000,7.8900,7.9000,7.8900,7.8900,279200,2203706.0000,3
2022-07-06,20220706140500000,sh.600000,7.8900,7.9000,7.8900,7.9000,499900,3944889.0000,3
2022-07-06,20220706141000000,sh.600000,7.9000,7.9000,7.8800,7.8800,1203100,9492522.0000,3
2022-07-06,20220706141500000,sh.600000,7.8800,7.8900,7.8800,7.8900,483900,3813882.0000,3
2022-07-06,20220706142000000,sh.600000,7.8800,7.8900,7.8700,7.8800,1772000,13963063.0000,3
2022-07-06,20220706142500000,sh.600000,7.8800,7.8900,7.8700,7.8800,570900,4498701.0000,3
2022-07-06,20220706143000000,sh.600000,7.8800,7.8900,7.8700,7.8900,830600,6546063.0000,3
2022-07-06,20220706143500000,sh.600000,7.8900,7.9000,7.8800,7.8900,765483,6038658.0000,3
2022-07-06,20220706144000000,sh.600000,7.8900,7.8900,7.8800,7.8900,200900,1584689.0000,3
2022-07-06,20220706144500000,sh.600000,7.8800,7.9000,7.8800,7.9000,521600,4116647.0000,3
2022-07-06,20220706145000000,sh.600000,7.8900,7.9000,7.8900,7.9000,610200,4815999.0000,3
2022-07-06,20220706145500000,sh.600000,7.8900,7.9000,7.8800,7.8900,790108,6237389.0000,3
2022-07-06,20220706150000000,sh.600000,7.9000,7.9000,7.8900,7.9000,794451,6275241.0000,3
2022-07-07,20220707093500000,sh.600000,7.8800,7.9200,7.8800,7.8900,1027406,8106305.0000,3
2022-07-07,20220707094000000,sh.600000,7.9000,7.9100,7.8900,7.9000,875300,6912292.0000,3
2022-07-07,20220707094500000,sh.600000,7.9100,7.9100,7.8900,7.9000,475700,3756062.0000,3
2022-07-07,20220707095000000,sh.600000,7.9000,7.9000,7.8800,7.9000,447000,3527320.0000,3
2022-07-07,20220707095500000,sh.600000,7.8900,7.9100,7.8900,7.9000,489042,3863412.0000,3
2022-07-07,20220707100000000,sh.600000,7.9000,7.9100,7.8900,7.9000,348200,2750783.0000,3
2022-07-07,20220707100500000,sh.600000,7.8900,7.9200,7.8900,7.9100,410600,3248174.0000,3
2022-07-07,20220707101000000,sh.600000,7.9100,7.9200,7.9000,7.9100,291200,2303093.0000,3
2022-07-07,20220707101500000,sh.600000,7.9000,7.9200,7.8900,7.9100,396500,3133074.0000,3
2022-07-07,20220707102000000,sh.600000,7.9100,7.9100,7.9000,7.9000,89200,704777.0000,3
2022-07-07,20220707102500000,sh.600000,7.9000,7.9200,7.9000,7.9100,544900,4310036.0000,3
2022-07-07,20220707103000000,sh.600000,7.9100,7.9200,7.9000,7.9000,216050,1708268.0000,3
2022-07-07,20220707103500000,sh.600000,7.9100,7.9100,7.9000,7.9000,101474,801780.0000,3
2022-07-07,20220707104000000,sh.600000,7.9000,7.9100,7.9000,7.9100,113400,896483.0000,3
2022-07-07,20220707104500000,sh.600000,7.9000,7.9100,7.9000,7.9100,266589,2106814.0000,3
2022-07-07,20220707105000000,sh.600000,7.9100,7.9100,7.9000,7.9100,216974,1714363.0000,3
2022-07-07,20220707105500000,sh.600000,7.9100,7.9100,7.8900,7.8900,211726,1672549.0000,3
2022-07-07,20220707110000000,sh.600000,7.9000,7.9100,7.8900,7.9000,206730,1633236.0000,3
2022-07-07,20220707110500000,sh.600000,7.9000,7.9100,7.8900,7.9000,211800,1673659.0000,3
2022-07-07,20220707111000000,sh.600000,7.9000,7.9100,7.8900,7.9000,163500,1291717.0000,3
2022-07-07,20220707111500000,sh.600000,7.9000,7.9000,7.8900,7.9000,118400,935101.0000,3
2022-07-07,20220707112000000,sh.600000,7.9000,7.9000,7.8900,7.8900,66400,524198.0000,3
2022-07-07,20220707112500000,sh.600000,7.8900,7.9100,7.8900,7.9000,203500,1607659.0000,3
2022-07-07,20220707113000000,sh.600000,7.9000,7.9100,7.9000,7.9000,154636,1221979.0000,3
2022-07-07,20220707130500000,sh.600000,7.9000,7.9100,7.9000,7.9000,497972,3935573.0000,3
2022-07-07,20220707131000000,sh.600000,7.9000,7.9100,7.9000,7.9000,187900,1484629.0000,3
2022-07-07,20220707131500000,sh.600000,7.9000,7.9100,7.9000,7.9000,350300,2767837.0000,3
2022-07-07,20220707132000000,sh.600000,7.9000,7.9100,7.9000,7.9000,302400,2389355.0000,3
2022-07-07,20220707132500000,sh.600000,7.9000,7.9100,7.9000,7.9000,102900,813061.0000,3
2022-07-07,20220707133000000,sh.600000,7.9000,7.9100,7.9000,7.9000,139300,1100792.0000,3
2022-07-07,20220707133500000,sh.600000,7.9100,7.9100,7.9000,7.9000,84700,669459.0000,3
2022-07-07,20220707134000000,sh.600000,7.9000,7.9100,7.8900,7.8900,322500,2546096.0000,3
2022-07-07,20220707134500000,sh.600000,7.8900,7.9000,7.8800,7.8900,1494270,11783633.0000,3
2022-07-07,20220707135000000,sh.600000,7.8900,7.8900,7.8800,7.8800,122300,964408.0000,3
2022-07-07,20220707135500000,sh.600000,7.8900,7.8900,7.8800,7.8900,147700,1164812.0000,3
2022-07-07,20220707140000000,sh.600000,7.8900,7.8900,7.8800,7.8800,170400,1343850.0000,3
2022-07-07,20220707140500000,sh.600000,7.8800,7.9000,7.8700,7.8800,1346994,10616811.0000,3
2022-07-07,20220707141000000,sh.600000,7.8700,7.8800,7.8600,7.8800,1317000,10367524.0000,3
2022-07-07,20220707141500000,sh.600000,7.8800,7.8800,7.8700,7.8800,417574,3286755.0000,3
2022-07-07,20220707142000000,sh.600000,7.8700,7.8800,7.8700,7.8800,323900,2551208.0000,3
2022-07-07,20220707142500000,sh.600000,7.8800,7.8800,7.8700,7.8800,228600,1800931.0000,3
2022-07-07,20220707143000000,sh.600000,7.8700,7.8800,7.8700,7.8800,92700,730160.0000,3
2022-07-07,20220707143500000,sh.600000,7.8800,7.8800,7.8700,7.8800,307443,2422060.0000,3
2022-07-07,20220707144000000,sh.600000,7.8800,7.8900,7.8700,7.8900,609600,4802406.0000,3
2022-07-07,20220707144500000,sh.600000,7.8800,7.8900,7.8700,7.8800,310086,2442764.0000,3
2022-07-07,20220707145000000,sh.600000,7.8800,7.8900,7.8700,7.8900,362549,2856564.0000,3
2022-07-07,20220707145500000,sh.600000,7.8800,7.8900,7.8700,7.8800,825300,6501894.0000,3
2022-07-07,20220707150000000,sh.600000,7.8700,7.8800,7.8700,7.8700,925780,7288454.0000,3
2022-07-08,20220708093500000,sh.600000,7.9000,7.9000,7.8800,7.9000,1077500,8506949.0000,3
2022-07-08,20220708094000000,sh.600000,7.8900,7.9000,7.8800,7.8900,392900,3100203.0000,3
2022-07-08,20220708094500000,sh.600000,7.8800,7.8900,7.8800,7.8800,178815,1409941.0000,3
2022-07-08,20220708095000000,sh.600000,7.8800,7.8900,7.8800,7.8800,144300,1137810.0000,3
2022-07-08,20220708095500000,sh.600000,7.8900,7.8900,7.8800,7.8800,504700,3977816.0000,3
2022-07-08,20220708100000000,sh.600000,7.8900,7.8900,7.8700,7.8800,339285,2673338.0000,3
2022-07-08,20220708100500000,sh.600000,7.8800,7.8900,7.8700,7.8900,314675,2478792.0000,3
2022-07-08,20220708101000000,sh.600000,7.8900,7.8900,7.8800,7.8800,93100,733928.0000,3
2022-07-08,20220708101500000,sh.600000,7.8800,7.8900,7.8800,7.8800,163917,1292486.0000,3
2022-07-08,20220708102000000,sh.600000,7.8800,7.8900,7.8800,7.8800,259700,2047334.0000,3
2022-07-08,20220708102500000,sh.600000,7.8800,7.8900,7.8800,7.8900,167500,1321143.0000,3
2022-07-08,20220708103000000,sh.600000,7.8900,7.9000,7.8800,7.9000,521100,4111666.0000,3
2022-07-08,20220708103500000,sh.600000,7.9000,7.9000,7.8900,7.8900,542600,4285813.0000,3
2022-07-08,20220708104000000,sh.600000,7.8900,7.9000,7.8900,7.8900,118900,938848.0000,3
2022-07-08,20220708104500000,sh.600000,7.9000,7.9000,7.8900,7.8900,173100,1366574.0000,3
2022-07-08,20220708105000000,sh.600000,7.8900,7.9000,7.8900,7.9000,178800,1410936.0000,3
2022-07-08,20220708105500000,sh.600000,7.9000,7.9000,7.8800,7.8900,411200,3245018.0000,3
2022-07-08,20220708110000000,sh.600000,7.8900,7.8900,7.8800,7.8800,186900,1474101.0000,3
2022-07-08,20220708110500000,sh.600000,7.8800,7.8900,7.8800,7.8900,172800,1362362.0000,3
2022-07-08,20220708111000000,sh.600000,7.8900,7.8900,7.8800,7.8900,72600,572544.0000,3
2022-07-08,20220708111500000,sh.600000,7.8900,7.8900,7.8800,7.8900,247800,1955109.0000,3
2022-07-08,20220708112000000,sh.600000,7.8900,7.9000,7.8800,7.8900,429900,3392761.0000,3
2022-07-08,20220708112500000,sh.600000,7.8900,7.9000,7.8900,7.9000,51000,402791.0000,3
2022-07-08,20220708113000000,sh.600000,7.9000,7.9000,7.8900,7.8900,123143,972813.0000,3
2022-07-08,20220708130500000,sh.600000,7.8900,7.9000,7.8900,7.9000,311900,2463117.0000,3
2022-07-08,20220708131000000,sh.600000,7.9000,7.9000,7.8900,7.9000,103100,813846.0000,3
2022-07-08,20220708131500000,sh.600000,7.9000,7.9000,7.8900,7.9000,73300,578847.0000,3
2022-07-08,20220708132000000,sh.600000,7.9000,7.9000,7.8900,7.8900,169700,1339302.0000,3
2022-07-08,20220708132500000,sh.600000,7.8900,7.9000,7.8900,7.8900,174100,1374704.0000,3
2022-07-08,20220708133000000,sh.600000,7.8900,7.9000,7.8900,7.8900,414900,3273816.0000,3
2022-07-08,20220708133500000,sh.600000,7.9000,7.9000,7.8900,7.9000,104200,822768.0000,3
2022-07-08,20220708134000000,sh.600000,7.9000,7.9000,7.8900,7.8900,274400,2165339.0000,3
2022-07-08,20220708134500000,sh.600000,7.9000,7.9000,7.8800,7.8900,463357,3655345.0000,3
2022-07-08,20220708135000000,sh.600000,7.8900,7.8900,7.8800,7.8800,73400,578816.0000,3
2022-07-08,20220708135500000,sh.600000,7.8900,7.8900,7.8800,7.8900,181172,1429303.0000,3
2022-07-08,20220708140000000,sh.600000,7.8900,7.8900,7.8800,7.8900,90200,711507.0000,3
2022-07-08,20220708140500000,sh.600000,7.8800,7.8900,7.8800,7.8900,106400,838908.0000,3
2022-07-08,20220708141000000,sh.600000,7.8900,7.8900,7.8800,7.8800,140900,1111486.0000,3
2022-07-08,20220708141500000,sh.600000,7.8800,7.8900,7.8800,7.8800,286100,2257050.0000,3
2022-07-08,20220708142000000,sh.600000,7.8800,7.9000,7.8800,7.8900,346733,2735544.0000,3
2022-07-08,20220708142500000,sh.600000,7.8900,7.9000,7.8800,7.8900,184100,1451970.0000,3
2022-07-08,20220708143000000,sh.600000,7.8900,7.9000,7.8800,7.8900,171700,1354697.0000,3
2022-07-08,20220708143500000,sh.600000,7.8900,7.8900,7.8800,7.8900,140900,1111262.0000,3
2022-07-08,20220708144000000,sh.600000,7.8900,7.8900,7.8800,7.8900,149800,1181843.0000,3
2022-07-08,20220708144500000,sh.600000,7.8900,7.8900,7.8800,7.8900,110200,869289.0000,3
2022-07-08,20220708145000000,sh.600000,7.8900,7.8900,7.8800,7.8900,304900,2405413.0000,3
2022-07-08,20220708145500000,sh.600000,7.8900,7.8900,7.8800,7.8900,565772,4460872.0000,3
2022-07-08,20220708150000000,sh.600000,7.8800,7.9000,7.8800,7.8800,571721,4508937.0000,3
2022-07-11,20220711093500000,sh.600000,7.8700,7.8900,7.8600,7.8900,1130857,8905043.0000,3
2022-07-11,20220711094000000,sh.600000,7.8900,7.9000,7.8800,7.8900,664700,5242471.0000,3
2022-07-11,20220711094500000,sh.600000,7.8900,7.9000,7.8800,7.8900,549900,4339524.0000,3
2022-07-11,20220711095000000,sh.600000,7.8900,7.9000,7.8800,7.8900,414100,3267289.0000,3
2022-07-11,20220711095500000,sh.600000,7.8900,7.9000,7.8800,7.8800,307200,2424351.0000,3
2022-07-11,20220711100000000,sh.600000,7.8800,7.9000,7.8800,7.8900,262500,2070343.0000,3
2022-07-11,20220711100500000,sh.600000,7.8900,7.8900,7.8800,7.8900,323633,2551814.0000,3
2022-07-11,20220711101000000,sh.600000,7.8800,7.8900,7.8800,7.8800,183015,1442866.0000,3
2022-07-11,20220711101500000,sh.600000,7.8800,7.8900,7.8800,7.8800,145100,1144068.0000,3
2022-07-11,20220711102000000,sh.600000,7.8900,7.8900,7.8700,7.8800,676682,5331350.0000,3
2022-07-11,20220711102500000,sh.600000,7.8700,7.8800,7.8700,7.8700,118600,933994.0000,3
2022-07-11,20220711103000000,sh.600000,7.8800,7.8800,7.8700,7.8700,424900,3344329.0000,3
2022-07-11,20220711103500000,sh.600000,7.8700,7.8800,7.8600,7.8700,518100,4076395.0000,3
2022-07-11,20220711104000000,sh.600000,7.8600,7.8700,7.8600,7.8700,320700,2523140.0000,3
2022-07-11,20220711104500000,sh.600000,7.8700,7.8800,7.8700,7.8700,192500,1515525.0000,3
2022-07-11,20220711105000000,sh.600000,7.8700,7.8800,7.8700,7.8700,107975,850312.0000,3
2022-07-11,20220711105500000,sh.600000,7.8700,7.8800,7.8700,7.8700,153700,1210713.0000,3
2022-07-11,20220711110000000,sh.600000,7.8700,7.8800,7.8700,7.8700,299100,2356068.0000,3
2022-07-11,20220711110500000,sh.600000,7.8700,7.8800,7.8700,7.8800,288400,2271360.0000,3
2022-07-11,20220711111000000,sh.600000,7.8800,7.8800,7.8700,7.8700,327811,2582424.0000,3
2022-07-11,20220711111500000,sh.600000,7.8700,7.8800,7.8700,7.8700,149200,1174994.0000,3
2022-07-11,20220711112000000,sh.600000,7.8700,7.8800,7.8700,7.8800,190000,1495931.0000,3
2022-07-11,20220711112500000,sh.600000,7.8800,7.8800,7.8700,7.8800,263000,2070984.0000,3
2022-07-11,20220711113000000,sh.600000,7.8800,7.8800,7.8700,7.8800,399400,3145242.0000,3
2022-07-11,20220711130500000,sh.600000,7.8800,7.8900,7.8700,7.8900,535100,4216954.0000,3
2022-07-11,20220711131000000,sh.600000,7.8900,7.8900,7.8800,7.8800,138000,1088123.0000,3
2022-07-11,20220711131500000,sh.600000,7.8800,7.8900,7.8800,7.8800,334700,2639311.0000,3
2022-07-11,20220711132000000,sh.600000,7.8800,7.8900,7.8800,7.8800,230900,1819988.0000,3
2022-07-11,20220711132500000,sh.600000,7.8900,7.8900,7.8800,7.8900,148500,1170680.0000,3
2022-07-11,20220711133000000,sh.600000,7.8900,7.8900,7.8800,7.8900,82130,647672.0000,3
2022-07-11,20220711133500000,sh.600000,7.8800,7.8900,7.8800,7.8800,121900,961119.0000,3
2022-07-11,20220711134000000,sh.600000,7.8800,7.8900,7.8800,7.8800,213900,1686947.0000,3
2022-07-11,20220711134500000,sh.600000,7.8800,7.8900,7.8800,7.8800,200800,1582695.0000,3
2022-07-11,20220711135000000,sh.600000,7.8900,7.8900,7.8800,7.8800,105630,832708.0000,3
2022-07-11,20220711135500000,sh.600000,7.8800,7.8900,7.8800,7.8900,111200,876655.0000,3
2022-07-11,20220711140000000,sh.600000,7.8900,7.8900,7.8800,7.8800,221200,1743924.0000,3
2022-07-11,20220711140500000,sh.600000,7.8800,7.8900,7.8800,7.8900,344600,2717842.0000,3
2022-07-11,20220711141000000,sh.600000,7.8900,7.8900,7.8800,7.8900,281200,2218320.0000,3
2022-07-11,20220711141500000,sh.600000,7.8800,7.8900,7.8800,7.8800,116900,921778.0000,3
2022-07-11,20220711142000000,sh.600000,7.8800,7.8900,7.8800,7.8900,194068,1529862.0000,3
2022-07-11,20220711142500000,sh.600000,7.8800,7.8900,7.8800,7.8900,468300,3693596.0000,3
2022-07-11,20220711143000000,sh.600000,7.8800,7.8900,7.8800,7.8900,275500,2173339.0000,3
2022-07-11,20220711143500000,sh.600000,7.8900,7.8900,7.8800,7.8800,267400,2108423.0000,3
2022-07-11,20220711144000000,sh.600000,7.8800,7.8900,7.8800,7.8800,743700,5862575.0000,3
2022-07-11,20220711144500000,sh.600000,7.8800,7.8900,7.8800,7.8900,868400,6847960.0000,3
2022-07-11,20220711145000000,sh.600000,7.8900,7.8900,7.8800,7.8900,151535,1195386.0000,3
2022-07-11,20220711145500000,sh.600000,7.8800,7.8900,7.8800,7.8800,849700,6696437.0000,3
2022-07-11,20220711150000000,sh.600000,7.8800,7.8900,7.8700,7.8700,779136,6133733.0000,3
2022-07-12,20220712093500000,sh.600000,7.8600,7.9200,7.8600,7.9100,2444718,19316260.0000,3
2022-07-12,20220712094000000,sh.600000,7.9000,7.9300,7.9000,7.9200,1777485,14070510.0000,3
2022-07-12,20220712094500000,sh.600000,7.9200,7.9400,7.9200,7.9300,746100,5914521.0000,3
2022-07-12,20220712095000000,sh.600000,7.9300,7.9300,7.9200,7.9300,186100,1474370.0000,3
2022-07-12,20220712095500000,sh.600000,7.9200,7.9400,7.9200,7.9300,1007200,7988724.0000,3
2022-07-12,20220712100000000,sh.600000,7.9300,7.9400,7.9200,7.9300,698066,5536265.0000,3
2022-07-12,20220712100500000,sh.600000,7.9400,7.9400,7.9200,7.9300,227100,1800644.0000,3
2022-07-12,20220712101000000,sh.600000,7.9200,7.9300,7.9100,7.9200,405700,3213553.0000,3
2022-07-12,20220712101500000,sh.600000,7.9200,7.9300,7.9200,7.9300,403543,3198398.0000,3
2022-07-12,20220712102000000,sh.600000,7.9300,7.9300,7.9200,7.9300,314957,2495416.0000,3
2022-07-12,20220712102500000,sh.600000,7.9300,7.9300,7.9200,7.9300,177600,1407141.0000,3
2022-07-12,20220712103000000,sh.600000,7.9300,7.9300,7.9200,7.9200,200800,1590692.0000,3
2022-07-12,20220712103500000,sh.600000,7.9200,7.9300,7.9200,7.9300,80500,638189.0000,3
2022-07-12,20220712104000000,sh.600000,7.9300,7.9300,7.9200,7.9200,137800,1092234.0000,3
2022-07-12,20220712104500000,sh.600000,7.9200,7.9300,7.9100,7.9200,460400,3646790.0000,3
2022-07-12,20220712105000000,sh.600000,7.9200,7.9200,7.9100,7.9200,246797,1952780.0000,3
2022-07-12,20220712105500000,sh.600000,7.9200,7.9200,7.9100,7.9200,93200,737841.0000,3
2022-07-12,20220712110000000,sh.600000,7.9100,7.9300,7.9100,7.9300,507300,4018103.0000,3
2022-07-12,20220712110500000,sh.600000,7.9200,7.9300,7.9100,7.9200,127800,1012392.0000,3
2022-07-12,20220712111000000,sh.600000,7.9200,7.9300,7.9100,7.9300,445800,3530835.0000,3
2022-07-12,20220712111500000,sh.600000,7.9300,7.9300,7.9100,7.9200,201600,1596331.0000,3
2022-07-12,20220712112000000,sh.600000,7.9200,7.9200,7.9100,7.9100,95100,752736.0000,3
2022-07-12,20220712112500000,sh.600000,7.9100,7.9200,7.9100,7.9100,135300,1071167.0000,3
2022-07-12,20220712113000000,sh.600000,7.9100,7.9200,7.9100,7.9100,146800,1161525.0000,3
2022-07-12,20220712130500000,sh.600000,7.9100,7.9200,7.9000,7.9000,375403,2968621.0000,3
2022-07-12,20220712131000000,sh.600000,7.9000,7.9100,7.9000,7.9100,475500,3760727.0000,3
2022-07-12,20220712131500000,sh.600000,7.9100,7.9200,7.9000,7.9000,262100,2073217.0000,3
2022-07-12,20220712132000000,sh.600000,7.9000,7.9100,7.9000,7.9100,348000,2751254.0000,3
2022-07-12,20220712132500000,sh.600000,7.9000,7.9200,7.9000,7.9100,351900,2783879.0000,3
2022-07-12,20220712133000000,sh.600000,7.9100,7.9200,7.9100,7.9200,189730,1501732.0000,3
2022-07-12,20220712133500000,sh.600000,7.9200,7.9200,7.9100,7.9100,172300,1363659.0000,3
2022-07-12,20220712134000000,sh.600000,7.9200,7.9200,7.9100,7.9200,268710,2127379.0000,3
2022-07-12,20220712134500000,sh.600000,7.9200,7.9200,7.9100,7.9100,182300,1443055.0000,3
2022-07-12,20220712135000000,sh.600000,7.9200,7.9300,7.9100,7.9200,408416,3234712.0000,3
2022-07-12,20220712135500000,sh.600000,7.9200,7.9300,7.9100,7.9100,377484,2989996.0000,3
2022-07-12,20220712140000000,sh.600000,7.9200,7.9300,7.9100,7.9200,216016,1710555.0000,3
2022-07-12,20220712140500000,sh.600000,7.9200,7.9200,7.9100,7.9100,72500,573830.0000,3
2022-07-12,20220712141000000,sh.600000,7.9100,7.9200,7.9100,7.9100,240800,1905075.0000,3
2022-07-12,20220712141500000,sh.600000,7.9200,7.9200,7.9100,7.9200,226500,1791878.0000,3
2022-07-12,20220712142000000,sh.600000,7.9200,7.9200,7.9100,7.9200,450900,3567204.0000,3
2022-07-12,20220712142500000,sh.600000,7.9100,7.9200,7.9100,7.9100,196800,1557035.0000,3
2022-07-12,20220712143000000,sh.600000,7.9100,7.9200,7.9100,7.9200,178600,1413155.0000,3
2022-07-12,20220712143500000,sh.600000,7.9200,7.9200,7.9000,7.9000,579300,4579777.0000,3
2022-07-12,20220712144000000,sh.600000,7.9000,7.9100,7.9000,7.9000,462900,3658205.0000,3
2022-07-12,20220712144500000,sh.600000,7.9100,7.9200,7.9000,7.9200,727774,5756357.0000,3
2022-07-12,20220712145000000,sh.600000,7.9200,7.9200,7.9100,7.9200,455460,3603933.0000,3
2022-07-12,20220712145500000,sh.600000,7.9200,7.9200,7.9100,7.9200,910740,7208830.0000,3
2022-07-12,20220712150000000,sh.600000,7.9200,7.9300,7.9100,7.9100,491899,3892270.0000,3
2022-07-13,20220713093500000,sh.600000,7.9300,7.9400,7.9100,7.9400,1843918,14619488.0000,3
2022-07-13,20220713094000000,sh.600000,7.9400,7.9400,7.9100,7.9200,1196184,9474249.0000,3
2022-07-13,20220713094500000,sh.600000,7.9100,7.9200,7.9000,7.9100,510900,4041206.0000,3
2022-07-13,20220713095000000,sh.600000,7.9000,7.9200,7.9000,7.9100,406900,3218022.0000,3
2022-07-13,20220713095500000,sh.600000,7.9000,7.9100,7.9000,7.9100,359700,2843015.0000,3
2022-07-13,20220713100000000,sh.600000,7.9100,7.9100,7.9000,7.9000,965800,7631524.0000,3
2022-07-13,20220713100500000,sh.600000,7.9100,7.9100,7.9000,7.9000,347700,2747996.0000,3
2022-07-13,20220713101000000,sh.600000,7.9100,7.9100,7.8900,7.9100,443000,3500195.0000,3
2022-07-13,20220713101500000,sh.600000,7.9100,7.9100,7.8900,7.9000,265000,2094022.0000,3
2022-07-13,20220713102000000,sh.600000,7.9000,7.9000,7.8700,7.8900,1366800,10780023.0000,3
2022-07-13,20220713102500000,sh.600000,7.8800,7.9000,7.8800,7.8800,335850,2650541.0000,3
2022-07-13,20220713103000000,sh.600000,7.8900,7.8900,7.8800,7.8900,233700,1843252.0000,3
2022-07-13,20220713103500000,sh.600000,7.8800,7.9000,7.8800,7.8900,891700,7035219.0000,3
2022-07-13,20220713104000000,sh.600000,7.8900,7.8900,7.8700,7.8800,1041900,8210094.0000,3
2022-07-13,20220713104500000,sh.600000,7.8800,7.8800,7.8700,7.8800,386730,3046738.0000,3
2022-07-13,20220713105000000,sh.600000,7.8800,7.8800,7.8700,7.8800,800716,6305403.0000,3
2022-07-13,20220713105500000,sh.600000,7.8800,7.8900,7.8800,7.8800,316318,2493704.0000,3
2022-07-13,20220713110000000,sh.600000,7.8900,7.8900,7.8800,7.8900,181174,1428273.0000,3
2022-07-13,20220713110500000,sh.600000,7.8800,7.8900,7.8800,7.8900,368810,2907013.0000,3
2022-07-13,20220713111000000,sh.600000,7.8900,7.8900,7.8800,7.8800,247600,1952371.0000,3
2022-07-13,20220713111500000,sh.600000,7.8800,7.8900,7.8800,7.8800,286700,2260245.0000,3
2022-07-13,20220713112000000,sh.600000,7.8800,7.8900,7.8800,7.8900,239800,1890594.0000,3
2022-07-13,20220713112500000,sh.600000,7.8900,7.8900,7.8800,7.8800,178400,1406354.0000,3
2022-07-13,20220713113000000,sh.600000,7.8800,7.9000,7.8800,7.8900,323724,2555443.0000,3
2022-07-13,20220713130500000,sh.600000,7.9000,7.9000,7.8800,7.8900,821176,6477725.0000,3
2022-07-13,20220713131000000,sh.600000,7.8900,7.8900,7.8700,7.8800,816898,6438183.0000,3
2022-07-13,20220713131500000,sh.600000,7.8800,7.8800,7.8700,7.8800,183600,1445469.0000,3
2022-07-13,20220713132000000,sh.600000,7.8700,7.8800,7.8700,7.8700,735000,5785576.0000,3
2022-07-13,20220713132500000,sh.600000,7.8800,7.8800,7.8700,7.8800,223400,1758780.0000,3
2022-07-13,20220713133000000,sh.600000,7.8800,7.8800,7.8700,7.8700,241600,1903027.0000,3
2022-07-13,20220713133500000,sh.600000,7.8700,7.8800,7.8700,7.8800,399700,3146696.0000,3
2022-07-13,20220713134000000,sh.600000,7.8800,7.8800,7.8700,7.8800,633700,4988583.0000,3
2022-07-13,20220713134500000,sh.600000,7.8800,7.8800,7.8600,7.8700,1105500,8699798.0000,3
2022-07-13,20220713135000000,sh.600000,7.8700,7.8800,7.8600,7.8700,475700,3742910.0000,3
2022-07-13,20220713135500000,sh.600000,7.8700,7.8700,7.8600,7.8600,689600,5422038.0000,3
2022-07-13,20220713140000000,sh.600000,7.8600,7.8700,7.8600,7.8600,501200,3943627.0000,3
2022-07-13,20220713140500000,sh.600000,7.8700,7.8700,7.8600,7.8700,613400,4825696.0000,3
2022-07-13,20220713141000000,sh.600000,7.8700,7.8700,7.8600,7.8600,862500,6782544.0000,3
2022-07-13,20220713141500000,sh.600000,7.8600,7.8700,7.8500,7.8600,1559000,12254660.0000,3
2022-07-13,20220713142000000,sh.600000,7.8600,7.8600,7.8500,7.8600,710444,5583075.0000,3
2022-07-13,20220713142500000,sh.600000,7.8600,7.8600,7.8500,7.8600,770000,6048312.0000,3
2022-07-13,20220713143000000,sh.600000,7.8500,7.8700,7.8500,7.8700,1218746,9575183.0000,3
2022-07-13,20220713143500000,sh.600000,7.8700,7.8700,7.8500,7.8500,739100,5808753.0000,3
2022-07-13,20220713144000000,sh.600000,7.8500,7.8600,7.8500,7.8600,299100,2349923.0000,3
2022-07-13,20220713144500000,sh.600000,7.8600,7.8600,7.8500,7.8500,741201,5824180.0000,3
2022-07-13,20220713145000000,sh.600000,7.8500,7.8600,7.8500,7.8500,552000,4337311.0000,3
2022-07-13,20220713145500000,sh.600000,7.8500,7.8600,7.8500,7.8500,942300,7403139.0000,3
2022-07-13,20220713150000000,sh.600000,7.8500,7.8700,7.8500,7.8500,1132634,8894682.0000,3
2022-07-14,20220714093500000,sh.600000,7.8400,7.8600,7.7700,7.7900,4704100,36745525.0000,3
2022-07-14,20220714094000000,sh.600000,7.7800,7.7900,7.7600,7.7700,2991046,23256417.0000,3
2022-07-14,20220714094500000,sh.600000,7.7700,7.7800,7.7500,7.7600,3690354,28656482.0000,3
2022-07-14,20220714095000000,sh.600000,7.7700,7.7700,7.7500,7.7700,2426200,18815689.0000,3
2022-07-14,20220714095500000,sh.600000,7.7700,7.7800,7.7500,7.7800,1143960,8882458.0000,3
2022-07-14,20220714100000000,sh.600000,7.7800,7.8000,7.7700,7.8000,1206600,9386432.0000,3
2022-07-14,20220714100500000,sh.600000,7.7800,7.8000,7.7700,7.7800,852100,6634740.0000,3
2022-07-14,20220714101000000,sh.600000,7.7700,7.7900,7.7700,7.7800,588684,4579356.0000,3
2022-07-14,20220714101500000,sh.600000,7.7800,7.7900,7.7700,7.7900,567600,4416768.0000,3
2022-07-14,20220714102000000,sh.600000,7.7900,7.7900,7.7800,7.7900,545900,4249701.0000,3
2022-07-14,20220714102500000,sh.600000,7.7800,7.7900,7.7700,7.7800,514939,4006126.0000,3
2022-07-14,20220714103000000,sh.600000,7.7800,7.7900,7.7700,7.7800,552439,4296702.0000,3
2022-07-14,20220714103500000,sh.600000,7.7800,7.7900,7.7700,7.7800,907600,7055549.0000,3
2022-07-14,20220714104000000,sh.600000,7.7700,7.7900,7.7700,7.7700,544800,4235683.0000,3
2022-07-14,20220714104500000,sh.600000,7.7800,7.7800,7.7700,7.7800,232900,1811219.0000,3
2022-07-14,20220714105000000,sh.600000,7.7700,7.7800,7.7700,7.7800,304400,2367013.0000,3
2022-07-14,20220714105500000,sh.600000,7.7700,7.7800,7.7700,7.7700,268700,2089062.0000,3
2022-07-14,20220714110000000,sh.600000,7.7700,7.7900,7.7700,7.7800,395300,3074677.0000,3
2022-07-14,20220714110500000,sh.600000,7.7800,7.7900,7.7700,7.7900,315400,2455692.0000,3
2022-07-14,20220714111000000,sh.600000,7.7900,7.7900,7.7800,7.7800,406500,3165650.0000,3
2022-07-14,20220714111500000,sh.600000,7.7800,7.7900,7.7800,7.7800,193700,1508008.0000,3
2022-07-14,20220714112000000,sh.600000,7.7800,7.7900,7.7800,7.7900,312393,2431767.0000,3
2022-07-14,20220714112500000,sh.600000,7.7900,7.7900,7.7800,7.7900,177300,1380721.0000,3
2022-07-14,20220714113000000,sh.600000,7.7900,7.7900,7.7800,7.7900,268043,2086755.0000,3
2022-07-14,20220714130500000,sh.600000,7.7900,7.8000,7.7800,7.7900,801485,6240077.0000,3
2022-07-14,20220714131000000,sh.600000,7.7800,7.7900,7.7800,7.7800,394700,3072211.0000,3
2022-07-14,20220714131500000,sh.600000,7.7800,7.7900,7.7800,7.7800,434901,3384460.0000,3
2022-07-14,20220714132000000,sh.600000,7.7800,7.7900,7.7800,7.7900,311168,2421935.0000,3
2022-07-14,20220714132500000,sh.600000,7.7900,7.7900,7.7800,7.7800,283300,2204977.0000,3
2022-07-14,20220714133000000,sh.600000,7.7800,7.7900,7.7700,7.7800,789510,6142447.0000,3
2022-07-14,20220714133500000,sh.600000,7.7800,7.7800,7.7700,7.7800,702100,5457180.0000,3
2022-07-14,20220714134000000,sh.600000,7.7800,7.7800,7.7700,7.7800,917300,7129241.0000,3
2022-07-14,20220714134500000,sh.600000,7.7800,7.7800,7.7600,7.7600,1397350,10852086.0000,3
2022-07-14,20220714135000000,sh.600000,7.7600,7.7700,7.7600,7.7700,358600,2784047.0000,3
2022-07-14,20220714135500000,sh.600000,7.7700,7.7700,7.7600,7.7600,369051,2865858.0000,3
2022-07-14,20220714140000000,sh.600000,7.7600,7.7700,7.7600,7.7600,557700,4331274.0000,3
2022-07-14,20220714140500000,sh.600000,7.7600,7.7800,7.7600,7.7700,695900,5405839.0000,3
2022-07-14,20220714141000000,sh.600000,7.7700,7.7700,7.7600,7.7700,371200,2883401.0000,3
2022-07-14,20220714141500000,sh.600000,7.7600,7.7800,7.7600,7.7700,772700,6001108.0000,3
2022-07-14,20220714142000000,sh.600000,7.7700,7.7800,7.7600,7.7700,401000,3115028.0000,3
2022-07-14,20220714142500000,sh.600000,7.7700,7.7800,7.7600,7.7600,613100,4762887.0000,3
2022-07-14,20220714143000000,sh.600000,7.7600,7.7700,7.7600,7.7700,1118330,8680600.0000,3
2022-07-14,20220714143500000,sh.600000,7.7700,7.7700,7.7500,7.7700,1536107,11916560.0000,3
2022-07-14,20220714144000000,sh.600000,7.7700,7.7700,7.7600,7.7700,465589,3616448.0000,3
2022-07-14,20220714144500000,sh.600000,7.7700,7.7700,7.7600,7.7700,818300,6352032.0000,3
2022-07-14,20220714145000000,sh.600000,7.7700,7.7700,7.7600,7.7600,368319,2860416.0000,3
2022-07-14,20220714145500000,sh.600000,7.7700,7.7700,7.7600,7.7700,1006110,7814176.0000,3
2022-07-14,20220714150000000,sh.600000,7.7700,7.7900,7.7600,7.7900,971100,7558928.0000,3
2022-07-15,20220715093500000,sh.600000,7.7600,7.8000,7.7500,7.7500,2824491,21924971.0000,3
2022-07-15,20220715094000000,sh.600000,7.7600,7.7600,7.7400,7.7600,1477400,11450399.0000,3
2022-07-15,20220715094500000,sh.600000,7.7600,7.7700,7.7400,7.7500,1850800,14338224.0000,3
2022-07-15,20220715095000000,sh.600000,7.7500,7.7600,7.7500,7.7500,603500,4680444.0000,3
2022-07-15,20220715095500000,sh.600000,7.7600,7.8000,7.7500,7.7800,2051794,15947384.0000,3
2022-07-15,20220715100000000,sh.600000,7.7900,7.8000,7.7800,7.7800,517000,4025174.0000,3
2022-07-15,20220715100500000,sh.600000,7.7800,7.7900,7.7800,7.7900,608100,4734845.0000,3
2022-07-15,20220715101000000,sh.600000,7.7900,7.7900,7.7800,7.7900,409300,3187111.0000,3
2022-07-15,20220715101500000,sh.600000,7.7900,7.7900,7.7800,7.7900,300900,2342968.0000,3
2022-07-15,20220715102000000,sh.600000,7.7900,7.7900,7.7800,7.7900,420425,3273490.0000,3
2022-07-15,20220715102500000,sh.600000,7.7900,7.7900,7.7800,7.7800,249400,1941579.0000,3
2022-07-15,20220715103000000,sh.600000,7.7800,7.7900,7.7800,7.7800,242001,1883773.0000,3
2022-07-15,20220715103500000,sh.600000,7.7900,7.7900,7.7800,7.7900,245700,1912352.0000,3
2022-07-15,20220715104000000,sh.600000,7.7900,7.7900,7.7700,7.7700,1023774,7964125.0000,3
2022-07-15,20220715104500000,sh.600000,7.7700,7.7800,7.7700,7.7700,550700,4282956.0000,3
2022-07-15,20220715105000000,sh.600000,7.7700,7.7800,7.7600,7.7700,782600,6081809.0000,3
2022-07-15,20220715105500000,sh.600000,7.7700,7.7700,7.7600,7.7600,289100,2244446.0000,3
2022-07-15,20220715110000000,sh.600000,7.7700,7.7700,7.7600,7.7700,643500,4996070.0000,3
2022-07-15,20220715110500000,sh.600000,7.7700,7.7700,7.7600,7.7700,249300,1935706.0000,3
2022-07-15,20220715111000000,sh.600000,7.7700,7.7700,7.7600,7.7600,227561,1766987.0000,3
2022-07-15,20220715111500000,sh.600000,7.7600,7.7700,7.7600,7.7600,283000,2196620.0000,3
2022-07-15,20220715112000000,sh.600000,7.7700,7.7700,7.7400,7.7400,2536039,19653514.0000,3
2022-07-15,20220715112500000,sh.600000,7.7400,7.7500,7.7400,7.7500,556400,4308145.0000,3
2022-07-15,20220715113000000,sh.600000,7.7400,7.7500,7.7400,7.7400,475936,3685344.0000,3
2022-07-15,20220715130500000,sh.600000,7.7500,7.7600,7.7400,7.7500,1487500,11520167.0000,3
2022-07-15,20220715131000000,sh.600000,7.7500,7.7500,7.7400,7.7500,306500,2373948.0000,3
2022-07-15,20220715131500000,sh.600000,7.7500,7.7500,7.7400,7.7400,533800,4133221.0000,3
2022-07-15,20220715132000000,sh.600000,7.7400,7.7500,7.7400,7.7500,694700,5381197.0000,3
2022-07-15,20220715132500000,sh.600000,7.7500,7.7600,7.7400,7.7500,422575,3275023.0000,3
2022-07-15,20220715133000000,sh.600000,7.7500,7.7600,7.7500,7.7600,381216,2955816.0000,3
2022-07-15,20220715133500000,sh.600000,7.7500,7.7600,7.7400,7.7500,596184,4619880.0000,3
2022-07-15,20220715134000000,sh.600000,7.7500,7.7500,7.7300,7.7300,1577800,12211688.0000,3
2022-07-15,20220715134500000,sh.600000,7.7400,7.7400,7.7300,7.7300,464700,3594615.0000,3
2022-07-15,20220715135000000,sh.600000,7.7300,7.7400,7.7300,7.7400,594300,4597588.0000,3
2022-07-15,20220715135500000,sh.600000,7.7400,7.7500,7.7300,7.7300,577200,4465681.0000,3
2022-07-15,20220715140000000,sh.600000,7.7300,7.7400,7.7300,7.7400,540100,4176909.0000,3
2022-07-15,20220715140500000,sh.600000,7.7400,7.7400,7.7300,7.7300,478300,3698806.0000,3
2022-07-15,20220715141000000,sh.600000,7.7300,7.7400,7.7100,7.7200,3157598,24389228.0000,3
2022-07-15,20220715141500000,sh.600000,7.7200,7.7200,7.7100,7.7200,662100,5107948.0000,3
2022-07-15,20220715142000000,sh.600000,7.7200,7.7300,7.7100,7.7100,1219300,9413361.0000,3
2022-07-15,20220715142500000,sh.600000,7.7200,7.7300,7.7100,7.7300,631982,4877331.0000,3
2022-07-15,20220715143000000,sh.600000,7.7200,7.7300,7.7100,7.7300,794700,6132344.0000,3
2022-07-15,20220715143500000,sh.600000,7.7200,7.7300,7.7100,7.7200,432600,3338541.0000,3
2022-07-15,20220715144000000,sh.600000,7.7200,7.7200,7.7000,7.7100,1988518,15332064.0000,3
2022-07-15,20220715144500000,sh.600000,7.7100,7.7100,7.6800,7.6800,3126800,24066576.0000,3
2022-07-15,20220715145000000,sh.600000,7.6800,7.6900,7.6800,7.6800,1945348,14945872.0000,3
2022-07-15,20220715145500000,sh.600000,7.6900,7.6900,7.6700,7.6800,2942226,22585152.0000,3
2022-07-15,20220715150000000,sh.600000,7.6800,7.6800,7.6500,7.6700,2152864,16506000.0000,3
2022-07-18,20220718093500000,sh.600000,7.6800,7.7400,7.6800,7.7300,1622015,12499043.0000,3
2022-07-18,20220718094000000,sh.600000,7.7300,7.7400,7.7200,7.7300,740400,5720832.0000,3
2022-07-18,20220718094500000,sh.600000,7.7200,7.7400,7.7200,7.7400,834363,6452833.0000,3
2022-07-18,20220718095000000,sh.600000,7.7300,7.7500,7.7300,7.7300,547100,4235377.0000,3
2022-07-18,20220718095500000,sh.600000,7.7300,7.7500,7.7300,7.7400,583411,4515121.0000,3
2022-07-18,20220718100000000,sh.600000,7.7400,7.7500,7.7300,7.7500,559589,4332350.0000,3
2022-07-18,20220718100500000,sh.600000,7.7400,7.7700,7.7400,7.7700,1747311,13553871.0000,3
2022-07-18,20220718101000000,sh.600000,7.7600,7.7700,7.7500,7.7600,635400,4930266.0000,3
2022-07-18,20220718101500000,sh.600000,7.7600,7.7600,7.7500,7.7500,390006,3025581.0000,3
2022-07-18,20220718102000000,sh.600000,7.7600,7.7700,7.7500,7.7600,717421,5570495.0000,3
2022-07-18,20220718102500000,sh.600000,7.7700,7.7700,7.7600,7.7700,289500,2248419.0000,3
2022-07-18,20220718103000000,sh.600000,7.7700,7.7700,7.7600,7.7700,505800,3926252.0000,3
2022-07-18,20220718103500000,sh.600000,7.7600,7.7800,7.7600,7.7800,1268100,9853637.0000,3
2022-07-18,20220718104000000,sh.600000,7.7800,7.7800,7.7600,7.7700,452200,3514696.0000,3
2022-07-18,20220718104500000,sh.600000,7.7700,7.7700,7.7600,7.7600,297700,2311952.0000,3
2022-07-18,20220718105000000,sh.600000,7.7700,7.7800,7.7600,7.7600,345000,2680804.0000,3
2022-07-18,20220718105500000,sh.600000,7.7700,7.7700,7.7600,7.7700,132000,1025406.0000,3
2022-07-18,20220718110000000,sh.600000,7.7700,7.7700,7.7600,7.7700,136164,1057477.0000,3
2022-07-18,20220718110500000,sh.600000,7.7700,7.7700,7.7500,7.7500,397336,3083972.0000,3
2022-07-18,20220718111000000,sh.600000,7.7500,7.7700,7.7500,7.7700,249400,1936184.0000,3
2022-07-18,20220718111500000,sh.600000,7.7700,7.7700,7.7600,7.7600,157200,1220363.0000,3
2022-07-18,20220718112000000,sh.600000,7.7600,7.7700,7.7600,7.7700,84500,656279.0000,3
2022-07-18,20220718112500000,sh.600000,7.7700,7.7700,7.7600,7.7600,203700,1582578.0000,3
2022-07-18,20220718113000000,sh.600000,7.7700,7.7700,7.7600,7.7600,510100,3963172.0000,3
2022-07-18,20220718130500000,sh.600000,7.7600,7.7800,7.7600,7.7600,1313300,10197513.0000,3
2022-07-18,20220718131000000,sh.600000,7.7600,7.7700,7.7600,7.7600,292600,2271747.0000,3
2022-07-18,20220718131500000,sh.600000,7.7600,7.7700,7.7500,7.7600,475500,3687797.0000,3
2022-07-18,20220718132000000,sh.600000,7.7600,7.7700,7.7600,7.7700,155200,1205032.0000,3
2022-07-18,20220718132500000,sh.600000,7.7700,7.7700,7.7600,7.7700,98500,764829.0000,3
2022-07-18,20220718133000000,sh.600000,7.7600,7.7700,7.7500,7.7700,289400,2246140.0000,3
2022-07-18,20220718133500000,sh.600000,7.7700,7.7700,7.7600,7.7600,146100,1134270.0000,3
2022-07-18,20220718134000000,sh.600000,7.7700,7.7700,7.7600,7.7600,60335,468577.0000,3
2022-07-18,20220718134500000,sh.600000,7.7600,7.7700,7.7600,7.7600,253600,1970268.0000,3
2022-07-18,20220718135000000,sh.600000,7.7600,7.7800,7.7600,7.7800,1020992,7934096.0000,3
2022-07-18,20220718135500000,sh.600000,7.7800,7.7800,7.7700,7.7700,153200,1191315.0000,3
2022-07-18,20220718140000000,sh.600000,7.7700,7.7800,7.7700,7.7800,264630,2058615.0000,3
2022-07-18,20220718140500000,sh.600000,7.7800,7.7800,7.7700,7.7800,172714,1343449.0000,3
2022-07-18,20220718141000000,sh.600000,7.7800,7.7800,7.7700,7.7800,160700,1249235.0000,3
2022-07-18,20220718141500000,sh.600000,7.7700,7.7800,7.7700,7.7800,589500,4585766.0000,3
2022-07-18,20220718142000000,sh.600000,7.7800,7.7800,7.7600,7.7800,767339,5963092.0000,3
2022-07-18,20220718142500000,sh.600000,7.7800,7.7800,7.7600,7.7800,976000,7583288.0000,3
2022-07-18,20220718143000000,sh.600000,7.7800,7.7800,7.7700,7.7700,129700,1008637.0000,3
2022-07-18,20220718143500000,sh.600000,7.7700,7.7800,7.7700,7.7700,178200,1385396.0000,3
2022-07-18,20220718144000000,sh.600000,7.7700,7.7800,7.7700,7.7800,509500,3959913.0000,3
2022-07-18,20220718144500000,sh.600000,7.7800,7.7900,7.7700,7.7800,1171138,9111176.0000,3
2022-07-18,20220718145000000,sh.600000,7.7800,7.7900,7.7700,7.7800,531300,4133557.0000,3
2022-07-18,20220718145500000,sh.600000,7.7800,7.7800,7.7700,7.7800,608246,4731034.0000,3
2022-07-18,20220718150000000,sh.600000,7.7800,7.7900,7.7700,7.7900,1440822,11205489.0000,3
2022-07-19,20220719093500000,sh.600000,7.7900,7.7900,7.7700,7.7900,824700,6419030.0000,3
2022-07-19,20220719094000000,sh.600000,7.7800,7.7900,7.7700,7.7800,1708300,13295269.0000,3
2022-07-19,20220719094500000,sh.600000,7.7800,7.8100,7.7800,7.7900,2036200,15863347.0000,3
2022-07-19,20220719095000000,sh.600000,7.7900,7.7900,7.7700,7.7700,734300,5711753.0000,3
2022-07-19,20220719095500000,sh.600000,7.7800,7.7900,7.7700,7.7800,661800,5147330.0000,3
2022-07-19,20220719100000000,sh.600000,7.7800,7.7900,7.7700,7.7800,407100,3166296.0000,3
2022-07-19,20220719100500000,sh.600000,7.7800,7.8000,7.7700,7.7800,1755751,13673423.0000,3
2022-07-19,20220719101000000,sh.600000,7.7800,7.7900,7.7700,7.7800,476500,3707369.0000,3
2022-07-19,20220719101500000,sh.600000,7.7800,7.7900,7.7700,7.7700,377600,2937620.0000,3
2022-07-19,20220719102000000,sh.600000,7.7700,7.7900,7.7700,7.7800,478100,3719159.0000,3
2022-07-19,20220719102500000,sh.600000,7.7700,7.7900,7.7700,7.7800,397900,3095402.0000,3
2022-07-19,20220719103000000,sh.600000,7.7800,7.7900,7.7700,7.7800,294803,2292808.0000,3
2022-07-19,20220719103500000,sh.600000,7.7800,7.7900,7.7700,7.7800,409400,3185256.0000,3
2022-07-19,20220719104000000,sh.600000,7.7800,7.8000,7.7700,7.7700,958800,7462136.0000,3
2022-07-19,20220719104500000,sh.600000,7.7700,7.7800,7.7700,7.7800,286500,2228507.0000,3
2022-07-19,20220719105000000,sh.600000,7.7700,7.7800,7.7700,7.7800,289900,2254740.0000,3
2022-07-19,20220719105500000,sh.600000,7.7700,7.7800,7.7700,7.7800,284400,2211385.0000,3
2022-07-19,20220719110000000,sh.600000,7.7700,7.7800,7.7700,7.7700,484700,3769024.0000,3
2022-07-19,20220719110500000,sh.600000,7.7700,7.7900,7.7700,7.7800,383300,2982071.0000,3
2022-07-19,20220719111000000,sh.600000,7.7800,7.7900,7.7700,7.7900,372300,2896162.0000,3
2022-07-19,20220719111500000,sh.600000,7.7900,7.7900,7.7700,7.7700,144900,1127274.0000,3
2022-07-19,20220719112000000,sh.600000,7.7700,7.7900,7.7700,7.7800,219100,1704340.0000,3
2022-07-19,20220719112500000,sh.600000,7.7800,7.7800,7.7700,7.7700,473600,3683078.0000,3
2022-07-19,20220719113000000,sh.600000,7.7700,7.7900,7.7700,7.7800,208660,1622859.0000,3
2022-07-19,20220719130500000,sh.600000,7.7800,7.7900,7.7700,7.7800,750500,5837452.0000,3
2022-07-19,20220719131000000,sh.600000,7.7800,7.7900,7.7700,7.7700,363000,2823505.0000,3
2022-07-19,20220719131500000,sh.600000,7.7700,7.7900,7.7700,7.7800,363400,2827001.0000,3
2022-07-19,20220719132000000,sh.600000,7.7800,7.7800,7.7700,7.7800,402400,3129356.0000,3
2022-07-19,20220719132500000,sh.600000,7.7800,7.7800,7.7700,7.7700,146500,1139335.0000,3
2022-07-19,20220719133000000,sh.600000,7.7700,7.7800,7.7700,7.7700,469200,3650003.0000,3
2022-07-19,20220719133500000,sh.600000,7.7700,7.7900,7.7700,7.7800,711500,5535626.0000,3
2022-07-19,20220719134000000,sh.600000,7.7800,7.7900,7.7700,7.7800,564048,4388891.0000,3
2022-07-19,20220719134500000,sh.600000,7.7800,7.7900,7.7700,7.7700,130000,1011286.0000,3
2022-07-19,20220719135000000,sh.600000,7.7700,7.7800,7.7700,7.7800,227100,1765914.0000,3
2022-07-19,20220719135500000,sh.600000,7.7800,7.7900,7.7700,7.7800,1005700,7824832.0000,3
2022-07-19,20220719140000000,sh.600000,7.7800,7.7900,7.7700,7.7800,226646,1763844.0000,3
2022-07-19,20220719140500000,sh.600000,7.7900,7.7900,7.7800,7.7800,244493,1903649.0000,3
2022-07-19,20220719141000000,sh.600000,7.7800,7.7900,7.7800,7.7900,321100,2499658.0000,3
2022-07-19,20220719141500000,sh.600000,7.7900,7.8100,7.7900,7.8100,951828,7420789.0000,3
2022-07-19,20220719142000000,sh.600000,7.8100,7.8100,7.8000,7.8100,496800,3879548.0000,3
2022-07-19,20220719142500000,sh.600000,7.8000,7.8100,7.8000,7.8100,339200,2648711.0000,3
2022-07-19,20220719143000000,sh.600000,7.8100,7.8200,7.8000,7.8100,800800,6256484.0000,3
2022-07-19,20220719143500000,sh.600000,7.8200,7.8200,7.8100,7.8200,876300,6847516.0000,3
2022-07-19,20220719144000000,sh.600000,7.8100,7.8200,7.8100,7.8100,915300,7151441.0000,3
2022-07-19,20220719144500000,sh.600000,7.8000,7.8100,7.8000,7.8100,1241600,9688485.0000,3
2022-07-19,20220719145000000,sh.600000,7.8000,7.8200,7.8000,7.8100,734460,5734817.0000,3
2022-07-19,20220719145500000,sh.600000,7.8000,7.8200,7.8000,7.8100,1136482,8874050.0000,3
2022-07-19,20220719150000000,sh.600000,7.8100,7.8200,7.8100,7.8100,785333,6133982.0000,3
2022-07-20,20220720093500000,sh.600000,7.8500,7.8500,7.8000,7.8300,2887425,22593594.0000,3
2022-07-20,20220720094000000,sh.600000,7.8300,7.8300,7.7900,7.7900,2157600,16845694.0000,3
2022-07-20,20220720094500000,sh.600000,7.7900,7.8000,7.7900,7.8000,1056200,8230934.0000,3
2022-07-20,20220720095000000,sh.600000,7.8000,7.8000,7.7900,7.8000,335700,2616376.0000,3
2022-07-20,20220720095500000,sh.600000,7.8000,7.8000,7.7900,7.7900,264552,2062834.0000,3
2022-07-20,20220720100000000,sh.600000,7.8000,7.8000,7.7900,7.8000,488400,3808157.0000,3
2022-07-20,20220720100500000,sh.600000,7.8000,7.8000,7.7900,7.8000,853600,6656837.0000,3
2022-07-20,20220720101000000,sh.600000,7.8000,7.8000,7.7900,7.8000,705372,5501554.0000,3
2022-07-20,20220720101500000,sh.600000,7.8000,7.8100,7.7900,7.8000,426600,3326472.0000,3
2022-07-20,20220720102000000,sh.600000,7.8000,7.8100,7.7900,7.7900,1555100,12129086.0000,3
2022-07-20,20220720102500000,sh.600000,7.7900,7.8100,7.7900,7.8000,700700,5465386.0000,3
2022-07-20,20220720103000000,sh.600000,7.8000,7.8100,7.7900,7.8000,609000,4750174.0000,3
2022-07-20,20220720103500000,sh.600000,7.8000,7.8100,7.7900,7.8000,556900,4343755.0000,3
2022-07-20,20220720104000000,sh.600000,7.8000,7.8000,7.7900,7.7900,180400,1406586.0000,3
2022-07-20,20220720104500000,sh.600000,7.8000,7.8000,7.7900,7.8000,341500,2662787.0000,3
2022-07-20,20220720105000000,sh.600000,7.8000,7.8000,7.7900,7.8000,384550,2997092.0000,3
2022-07-20,20220720105500000,sh.600000,7.8000,7.8000,7.7900,7.8000,326500,2544678.0000,3
2022-07-20,20220720110000000,sh.600000,7.7900,7.8000,7.7900,7.8000,694615,5416387.0000,3
2022-07-20,20220720110500000,sh.600000,7.8000,7.8000,7.7900,7.8000,1072600,8359329.0000,3
2022-07-20,20220720111000000,sh.600000,7.8000,7.8000,7.7900,7.7900,728615,5677054.0000,3
2022-07-20,20220720111500000,sh.600000,7.7900,7.8000,7.7800,7.7900,1660996,12937930.0000,3
2022-07-20,20220720112000000,sh.600000,7.7900,7.7900,7.7800,7.7900,220000,1712493.0000,3
2022-07-20,20220720112500000,sh.600000,7.7900,7.7900,7.7800,7.7900,419800,3269164.0000,3
2022-07-20,20220720113000000,sh.600000,7.7800,7.7900,7.7800,7.7900,501300,3903627.0000,3
2022-07-20,20220720130500000,sh.600000,7.7900,7.7900,7.7800,7.7800,644465,5016958.0000,3
2022-07-20,20220720131000000,sh.600000,7.7900,7.7900,7.7800,7.7900,331200,2577572.0000,3
2022-07-20,20220720131500000,sh.600000,7.7900,7.7900,7.7800,7.7800,367700,2861909.0000,3
2022-07-20,20220720132000000,sh.600000,7.7800,7.7900,7.7700,7.7800,2557935,19897516.0000,3
2022-07-20,20220720132500000,sh.600000,7.7800,7.7800,7.7700,7.7800,825200,6412934.0000,3
2022-07-20,20220720133000000,sh.600000,7.7800,7.7800,7.7700,7.7800,289200,2247472.0000,3
2022-07-20,20220720133500000,sh.600000,7.7800,7.7800,7.7700,7.7800,387000,3007802.0000,3
2022-07-20,20220720134000000,sh.600000,7.7800,7.7800,7.7700,7.7700,533100,4144647.0000,3
2022-07-20,20220720134500000,sh.600000,7.7700,7.7800,7.7700,7.7800,316400,2459500.0000,3
2022-07-20,20220720135000000,sh.600000,7.7700,7.7800,7.7700,7.7800,417000,3241550.0000,3
2022-07-20,20220720135500000,sh.600000,7.7800,7.7800,7.7700,7.7800,399702,3107472.0000,3
2022-07-20,20220720140000000,sh.600000,7.7800,7.7800,7.7700,7.7700,420400,3268399.0000,3
2022-07-20,20220720140500000,sh.600000,7.7700,7.7800,7.7700,7.7700,431200,3351996.0000,3
2022-07-20,20220720141000000,sh.600000,7.7800,7.7800,7.7700,7.7700,1193900,9281220.0000,3
2022-07-20,20220720141500000,sh.600000,7.7800,7.7900,7.7700,7.7900,1561200,12144876.0000,3
2022-07-20,20220720142000000,sh.600000,7.7800,7.7900,7.7800,7.7800,310300,2415122.0000,3
2022-07-20,20220720142500000,sh.600000,7.7900,7.7900,7.7800,7.7900,558200,4347281.0000,3
2022-07-20,20220720143000000,sh.600000,7.7900,7.8000,7.7800,7.7900,949501,7396493.0000,3
2022-07-20,20220720143500000,sh.600000,7.7900,7.8000,7.7900,7.8000,396100,3086573.0000,3
2022-07-20,20220720144000000,sh.600000,7.8000,7.8000,7.7800,7.7800,1106600,8617978.0000,3
2022-07-20,20220720144500000,sh.600000,7.7800,7.7900,7.7800,7.7900,833060,6488410.0000,3
2022-07-20,20220720145000000,sh.600000,7.7900,7.8000,7.7900,7.8000,666900,5198836.0000,3
2022-07-20,20220720145500000,sh.600000,7.7900,7.8000,7.7900,7.8000,1889400,14732672.0000,3
2022-07-20,20220720150000000,sh.600000,7.7900,7.8100,7.7900,7.7900,3199714,24942240.0000,3
2022-07-21,20220721093500000,sh.600000,7.4000,7.4100,7.3600,7.3800,7263697,53622587.0000,3
2022-07-21,20220721094000000,sh.600000,7.3700,7.3800,7.3300,7.3500,4284800,31507944.0000,3
2022-07-21,20220721094500000,sh.600000,7.3400,7.3600,7.3400,7.3500,1283600,9434394.0000,3
2022-07-21,20220721095000000,sh.600000,7.3500,7.3600,7.3500,7.3600,1238100,9107470.0000,3
2022-07-21,20220721095500000,sh.600000,7.3500,7.3600,7.3400,7.3500,1330300,9779420.0000,3
2022-07-21,20220721100000000,sh.600000,7.3500,7.3500,7.3400,7.3500,629100,4621228.0000,3
2022-07-21,20220721100500000,sh.600000,7.3400,7.3500,7.3400,7.3400,877500,6442168.0000,3
2022-07-21,20220721101000000,sh.600000,7.3500,7.3500,7.3300,7.3400,1922110,14110536.0000,3
2022-07-21,20220721101500000,sh.600000,7.3400,7.3400,7.3300,7.3300,1079490,7914334.0000,3
2022-07-21,20220721102000000,sh.600000,7.3300,7.3400,7.3300,7.3300,877900,6437376.0000,3
2022-07-21,20220721102500000,sh.600000,7.3300,7.3400,7.3300,7.3300,648500,4756689.0000,3
2022-07-21,20220721103000000,sh.600000,7.3300,7.3400,7.3300,7.3300,561400,4118532.0000,3
2022-07-21,20220721103500000,sh.600000,7.3400,7.3400,7.3300,7.3400,716600,5258298.0000,3
2022-07-21,20220721104000000,sh.600000,7.3300,7.3400,7.3300,7.3300,408100,2994135.0000,3
2022-07-21,20220721104500000,sh.600000,7.3300,7.3500,7.3300,7.3500,637305,4677511.0000,3
2022-07-21,20220721105000000,sh.600000,7.3500,7.3500,7.3400,7.3500,263100,1931899.0000,3
2022-07-21,20220721105500000,sh.600000,7.3400,7.3500,7.3400,7.3500,331407,2434312.0000,3
2022-07-21,20220721110000000,sh.600000,7.3400,7.3500,7.3400,7.3500,210300,1545066.0000,3
2022-07-21,20220721110500000,sh.600000,7.3500,7.3600,7.3400,7.3600,311100,2286705.0000,3
2022-07-21,20220721111000000,sh.600000,7.3600,7.3600,7.3500,7.3500,114000,838695.0000,3
2022-07-21,20220721111500000,sh.600000,7.3500,7.3600,7.3400,7.3500,604700,4444123.0000,3
2022-07-21,20220721112000000,sh.600000,7.3500,7.3600,7.3400,7.3600,211210,1552977.0000,3
2022-07-21,20220721112500000,sh.600000,7.3600,7.3600,7.3400,7.3400,370190,2720537.0000,3
2022-07-21,20220721113000000,sh.600000,7.3400,7.3600,7.3400,7.3600,556800,4095920.0000,3
2022-07-21,20220721130500000,sh.600000,7.3600,7.3600,7.3500,7.3600,287000,2110836.0000,3
2022-07-21,20220721131000000,sh.600000,7.3600,7.3600,7.3500,7.3500,156700,1152550.0000,3
2022-07-21,20220721131500000,sh.600000,7.3500,7.3600,7.3500,7.3600,141100,1037999.0000,3
2022-07-21,20220721132000000,sh.600000,7.3600,7.3600,7.3500,7.3600,716884,5275637.0000,3
2022-07-21,20220721132500000,sh.600000,7.3600,7.3600,7.3500,7.3500,116000,853210.0000,3
2022-07-21,20220721133000000,sh.600000,7.3600,7.3600,7.3500,7.3500,134343,988099.0000,3
2022-07-21,20220721133500000,sh.600000,7.3600,7.3600,7.3500,7.3600,224600,1652434.0000,3
2022-07-21,20220721134000000,sh.600000,7.3600,7.3600,7.3500,7.3600,274700,2020904.0000,3
2022-07-21,20220721134500000,sh.600000,7.3600,7.3600,7.3500,7.3600,270000,1986823.0000,3
2022-07-21,20220721135000000,sh.600000,7.3600,7.3600,7.3400,7.3500,596373,4383420.0000,3
2022-07-21,20220721135500000,sh.600000,7.3500,7.3500,7.3400,7.3500,168600,1238374.0000,3
2022-07-21,20220721140000000,sh.600000,7.3500,7.3600,7.3400,7.3600,267313,1964865.0000,3
2022-07-21,20220721140500000,sh.600000,7.3600,7.3600,7.3500,7.3600,215900,1588396.0000,3
2022-07-21,20220721141000000,sh.600000,7.3600,7.3600,7.3500,7.3600,330500,2431371.0000,3
2022-07-21,20220721141500000,sh.600000,7.3600,7.3600,7.3500,7.3600,191914,1412318.0000,3
2022-07-21,20220721142000000,sh.600000,7.3600,7.3600,7.3500,7.3600,379900,2793870.0000,3
2022-07-21,20220721142500000,sh.600000,7.3600,7.3700,7.3500,7.3600,529100,3895296.0000,3
2022-07-21,20220721143000000,sh.600000,7.3600,7.3700,7.3500,7.3500,690100,5076349.0000,3
2022-07-21,20220721143500000,sh.600000,7.3600,7.3600,7.3300,7.3400,1796072,13186789.0000,3
2022-07-21,20220721144000000,sh.600000,7.3300,7.3400,7.3300,7.3300,720200,5283230.0000,3
2022-07-21,20220721144500000,sh.600000,7.3400,7.3500,7.3300,7.3400,1431300,10506793.0000,3
2022-07-21,20220721145000000,sh.600000,7.3400,7.3500,7.3300,7.3300,1843700,13530893.0000,3
2022-07-21,20220721145500000,sh.600000,7.3400,7.3400,7.3300,7.3300,1299486,9530416.0000,3
2022-07-21,20220721150000000,sh.600000,7.3300,7.3400,7.3300,7.3300,2028491,14874480.0000,3
2022-07-22,20220722093500000,sh.600000,7.3400,7.3600,7.3400,7.3500,961743,7063664.0000,3
2022-07-22,20220722094000000,sh.600000,7.3400,7.3500,7.3400,7.3500,611132,4489733.0000,3
2022-07-22,20220722094500000,sh.600000,7.3400,7.3800,7.3400,7.3700,1199100,8834618.0000,3
2022-07-22,20220722095000000,sh.600000,7.3600,7.3800,7.3600,7.3700,759400,5599142.0000,3
2022-07-22,20220722095500000,sh.600000,7.3800,7.3800,7.3700,7.3700,741100,5462551.0000,3
2022-07-22,20220722100000000,sh.600000,7.3700,7.3800,7.3700,7.3700,354018,2609799.0000,3
2022-07-22,20220722100500000,sh.600000,7.3800,7.3800,7.3700,7.3800,394700,2909511.0000,3
2022-07-22,20220722101000000,sh.600000,7.3800,7.3800,7.3700,7.3800,207543,1530504.0000,3
2022-07-22,20220722101500000,sh.600000,7.3700,7.3800,7.3700,7.3800,209562,1545673.0000,3
2022-07-22,20220722102000000,sh.600000,7.3800,7.3800,7.3700,7.3800,281700,2077128.0000,3
2022-07-22,20220722102500000,sh.600000,7.3700,7.3800,7.3700,7.3800,768900,5672507.0000,3
2022-07-22,20220722103000000,sh.600000,7.3800,7.3800,7.3700,7.3700,421600,3109544.0000,3
2022-07-22,20220722103500000,sh.600000,7.3700,7.3800,7.3600,7.3600,748595,5517898.0000,3
2022-07-22,20220722104000000,sh.600000,7.3600,7.3700,7.3600,7.3700,208913,1537751.0000,3
2022-07-22,20220722104500000,sh.600000,7.3700,7.3700,7.3600,7.3600,416000,3061983.0000,3
2022-07-22,20220722105000000,sh.600000,7.3600,7.3600,7.3500,7.3500,289900,2132118.0000,3
2022-07-22,20220722105500000,sh.600000,7.3500,7.3600,7.3500,7.3500,80200,589925.0000,3
2022-07-22,20220722110000000,sh.600000,7.3500,7.3600,7.3500,7.3600,169600,1247451.0000,3
2022-07-22,20220722110500000,sh.600000,7.3600,7.3600,7.3500,7.3600,98000,720730.0000,3
2022-07-22,20220722111000000,sh.600000,7.3600,7.3600,7.3500,7.3500,211315,1553392.0000,3
2022-07-22,20220722111500000,sh.600000,7.3500,7.3600,7.3500,7.3500,230100,1691905.0000,3
2022-07-22,20220722112000000,sh.600000,7.3500,7.3600,7.3500,7.3500,302000,2220166.0000,3
2022-07-22,20220722112500000,sh.600000,7.3500,7.3600,7.3400,7.3500,607167,4460846.0000,3
2022-07-22,20220722113000000,sh.600000,7.3500,7.3600,7.3400,7.3400,133700,982484.0000,3
2022-07-22,20220722130500000,sh.600000,7.3500,7.3600,7.3400,7.3600,533900,3924793.0000,3
2022-07-22,20220722131000000,sh.600000,7.3600,7.3600,7.3500,7.3500,407400,2997031.0000,3
2022-07-22,20220722131500000,sh.600000,7.3500,7.3600,7.3500,7.3500,558600,4106528.0000,3
2022-07-22,20220722132000000,sh.600000,7.3500,7.3600,7.3500,7.3600,62300,458096.0000,3
2022-07-22,20220722132500000,sh.600000,7.3600,7.3600,7.3500,7.3600,100600,739592.0000,3
2022-07-22,20220722133000000,sh.600000,7.3600,7.3600,7.3500,7.3500,86600,636647.0000,3
2022-07-22,20220722133500000,sh.600000,7.3600,7.3600,7.3400,7.3500,759200,5579322.0000,3
2022-07-22,20220722134000000,sh.600000,7.3500,7.3500,7.3400,7.3500,126500,928956.0000,3
2022-07-22,20220722134500000,sh.600000,7.3500,7.3500,7.3400,7.3400,234900,1725321.0000,3
2022-07-22,20220722135000000,sh.600000,7.3400,7.3500,7.3400,7.3400,92600,679788.0000,3
2022-07-22,20220722135500000,sh.600000,7.3500,7.3500,7.3400,7.3400,136200,999945.0000,3
2022-07-22,20220722140000000,sh.600000,7.3500,7.3500,7.3400,7.3500,137300,1008518.0000,3
2022-07-22,20220722140500000,sh.600000,7.3500,7.3600,7.3400,7.3400,417000,3064940.0000,3
2022-07-22,20220722141000000,sh.600000,7.3500,7.3500,7.3400,7.3400,118200,868027.0000,3
2022-07-22,20220722141500000,sh.600000,7.3400,7.3500,7.3400,7.3400,76900,564757.0000,3
2022-07-22,20220722142000000,sh.600000,7.3500,7.3500,7.3400,7.3400,168200,1234877.0000,3
2022-07-22,20220722142500000,sh.600000,7.3500,7.3500,7.3400,7.3500,137500,1009597.0000,3
2022-07-22,20220722143000000,sh.600000,7.3400,7.3500,7.3400,7.3500,201700,1480907.0000,3
2022-07-22,20220722143500000,sh.600000,7.3400,7.3700,7.3400,7.3700,1278900,9409811.0000,3
2022-07-22,20220722144000000,sh.600000,7.3700,7.3800,7.3700,7.3700,1563000,11524616.0000,3
2022-07-22,20220722144500000,sh.600000,7.3700,7.3800,7.3700,7.3800,591800,4363475.0000,3
2022-07-22,20220722145000000,sh.600000,7.3800,7.3800,7.3600,7.3700,433175,3192029.0000,3
2022-07-22,20220722145500000,sh.600000,7.3600,7.3700,7.3600,7.3700,246400,1814130.0000,3
2022-07-22,20220722150000000,sh.600000,7.3700,7.3700,7.3500,7.3500,785933,5781264.0000,3
2022-07-25,20220725093500000,sh.600000,7.3300,7.3600,7.3300,7.3600,1180132,8664147.0000,3
2022-07-25,20220725094000000,sh.600000,7.3600,7.3600,7.3500,7.3600,331500,2437651.0000,3
2022-07-25,20220725094500000,sh.600000,7.3600,7.3700,7.3400,7.3600,644800,4747567.0000,3
2022-07-25,20220725095000000,sh.600000,7.3700,7.3800,7.3600,7.3800,526984,3886353.0000,3
2022-07-25,20220725095500000,sh.600000,7.3800,7.3800,7.3600,7.3700,306700,2260756.0000,3
2022-07-25,20220725100000000,sh.600000,7.3700,7.3700,7.3600,7.3700,119600,880452.0000,3
2022-07-25,20220725100500000,sh.600000,7.3700,7.3700,7.3500,7.3600,309500,2277769.0000,3
2022-07-25,20220725101000000,sh.600000,7.3600,7.3700,7.3500,7.3500,427000,3142338.0000,3
2022-07-25,20220725101500000,sh.600000,7.3500,7.3600,7.3500,7.3600,146100,1074093.0000,3
2022-07-25,20220725102000000,sh.600000,7.3600,7.3600,7.3400,7.3400,409900,3011837.0000,3
2022-07-25,20220725102500000,sh.600000,7.3500,7.3600,7.3400,7.3500,275600,2025495.0000,3
2022-07-25,20220725103000000,sh.600000,7.3500,7.3600,7.3400,7.3500,205700,1511105.0000,3
2022-07-25,20220725103500000,sh.600000,7.3500,7.3500,7.3400,7.3500,79200,581701.0000,3
2022-07-25,20220725104000000,sh.600000,7.3500,7.3500,7.3400,7.3500,224900,1652360.0000,3
2022-07-25,20220725104500000,sh.600000,7.3500,7.3600,7.3400,7.3500,151231,1111376.0000,3
2022-07-25,20220725105000000,sh.600000,7.3600,7.3600,7.3500,7.3500,80400,591361.0000,3
2022-07-25,20220725105500000,sh.600000,7.3600,7.3600,7.3500,7.3500,114320,840934.0000,3
2022-07-25,20220725110000000,sh.600000,7.3600,7.3600,7.3500,7.3600,105825,778314.0000,3
2022-07-25,20220725110500000,sh.600000,7.3500,7.3600,7.3400,7.3500,228300,1677814.0000,3
2022-07-25,20220725111000000,sh.600000,7.3500,7.3500,7.3400,7.3400,83300,611906.0000,3
2022-07-25,20220725111500000,sh.600000,7.3400,7.3600,7.3400,7.3600,343507,2524462.0000,3
2022-07-25,20220725112000000,sh.600000,7.3600,7.3600,7.3500,7.3600,137200,1009040.0000,3
2022-07-25,20220725112500000,sh.600000,7.3600,7.3600,7.3500,7.3600,166300,1223452.0000,3
2022-07-25,20220725113000000,sh.600000,7.3600,7.3600,7.3500,7.3500,195400,1436972.0000,3
2022-07-25,20220725130500000,sh.600000,7.3600,7.3600,7.3500,7.3600,312500,2298120.0000,3
2022-07-25,20220725131000000,sh.600000,7.3600,7.3600,7.3500,7.3600,242700,1785631.0000,3
2022-07-25,20220725131500000,sh.600000,7.3500,7.3700,7.3500,7.3500,2207500,16247751.0000,3
2022-07-25,20220725132000000,sh.600000,7.3700,7.3700,7.3500,7.3500,191500,1408924.0000,3
2022-07-25,20220725132500000,sh.600000,7.3600,7.3600,7.3500,7.3600,127300,936310.0000,3
2022-07-25,20220725133000000,sh.600000,7.3600,7.3600,7.3500,7.3600,179400,1320154.0000,3
2022-07-25,20220725133500000,sh.600000,7.3600,7.3700,7.3500,7.3700,355500,2615648.0000,3
2022-07-25,20220725134000000,sh.600000,7.3700,7.3700,7.3500,7.3600,288900,2126047.0000,3
2022-07-25,20220725134500000,sh.600000,7.3600,7.3600,7.3500,7.3600,89100,655508.0000,3
2022-07-25,20220725135000000,sh.600000,7.3600,7.3600,7.3500,7.3600,117800,866597.0000,3
2022-07-25,20220725135500000,sh.600000,7.3500,7.3700,7.3500,7.3500,444100,3268182.0000,3
2022-07-25,20220725140000000,sh.600000,7.3600,7.3600,7.3500,7.3500,139200,1024027.0000,3
2022-07-25,20220725140500000,sh.600000,7.3600,7.3600,7.3500,7.3500,131017,963985.0000,3
2022-07-25,20220725141000000,sh.600000,7.3600,7.3600,7.3500,7.3600,355100,2613139.0000,3
2022-07-25,20220725141500000,sh.600000,7.3600,7.3700,7.3500,7.3600,1918300,14120341.0000,3
2022-07-25,20220725142000000,sh.600000,7.3600,7.3600,7.3500,7.3600,95700,704169.0000,3
2022-07-25,20220725142500000,sh.600000,7.3600,7.3600,7.3500,7.3600,432500,3179221.0000,3
2022-07-25,20220725143000000,sh.600000,7.3500,7.3600,7.3400,7.3600,128665,946453.0000,3
2022-07-25,20220725143500000,sh.600000,7.3600,7.3600,7.3400,7.3600,357800,2630265.0000,3
2022-07-25,20220725144000000,sh.600000,7.3600,7.3600,7.3500,7.3600,241690,1778423.0000,3
2022-07-25,20220725144500000,sh.600000,7.3500,7.3700,7.3500,7.3600,431300,3174529.0000,3
2022-07-25,20220725145000000,sh.600000,7.3500,7.3700,7.3500,7.3600,291900,2146891.0000,3
2022-07-25,20220725145500000,sh.600000,7.3500,7.3600,7.3500,7.3600,718030,5277779.0000,3
2022-07-25,20220725150000000,sh.600000,7.3500,7.3600,7.3400,7.3500,503059,3697495.0000,3
2022-07-26,20220726093500000,sh.600000,7.3600,7.3800,7.3400,7.3700,980600,7217447.0000,3
2022-07-26,20220726094000000,sh.600000,7.3700,7.3700,7.3500,7.3500,439800,3235521.0000,3
2022-07-26,20220726094500000,sh.600000,7.3500,7.3700,7.3500,7.3700,229400,1688252.0000,3
2022-07-26,20220726095000000,sh.600000,7.3700,7.3700,7.3500,7.3600,244700,1801673.0000,3
2022-07-26,20220726095500000,sh.600000,7.3700,7.3700,7.3500,7.3600,532248,3917122.0000,3
2022-07-26,20220726100000000,sh.600000,7.3600,7.3600,7.3500,7.3500,259200,1906188.0000,3
2022-07-26,20220726100500000,sh.600000,7.3500,7.3600,7.3500,7.3600,74200,545819.0000,3
2022-07-26,20220726101000000,sh.600000,7.3500,7.3600,7.3500,7.3500,244600,1798425.0000,3
2022-07-26,20220726101500000,sh.600000,7.3600,7.3600,7.3500,7.3500,193200,1421136.0000,3
2022-07-26,20220726102000000,sh.600000,7.3500,7.3600,7.3500,7.3600,498000,3663812.0000,3
2022-07-26,20220726102500000,sh.600000,7.3600,7.3700,7.3500,7.3600,1097200,8074692.0000,3
2022-07-26,20220726103000000,sh.600000,7.3600,7.3700,7.3500,7.3600,1270631,9351046.0000,3
2022-07-26,20220726103500000,sh.600000,7.3600,7.3700,7.3500,7.3600,408800,3008225.0000,3
2022-07-26,20220726104000000,sh.600000,7.3500,7.3700,7.3500,7.3600,528900,3892988.0000,3
2022-07-26,20220726104500000,sh.600000,7.3600,7.3700,7.3600,7.3600,111000,817930.0000,3
2022-07-26,20220726105000000,sh.600000,7.3600,7.3700,7.3600,7.3700,102100,752135.0000,3
2022-07-26,20220726105500000,sh.600000,7.3700,7.3700,7.3600,7.3600,217200,1599322.0000,3
2022-07-26,20220726110000000,sh.600000,7.3700,7.3700,7.3500,7.3700,809800,5957251.0000,3
2022-07-26,20220726110500000,sh.600000,7.3600,7.3700,7.3600,7.3700,134300,989621.0000,3
2022-07-26,20220726111000000,sh.600000,7.3700,7.3700,7.3600,7.3600,100100,737620.0000,3
2022-07-26,20220726111500000,sh.600000,7.3600,7.3800,7.3600,7.3800,322100,2375005.0000,3
2022-07-26,20220726112000000,sh.600000,7.3800,7.3800,7.3700,7.3800,658600,4859807.0000,3
2022-07-26,20220726112500000,sh.600000,7.3800,7.3800,7.3700,7.3800,301100,2221920.0000,3
2022-07-26,20220726113000000,sh.600000,7.3800,7.3900,7.3700,7.3800,752509,5554009.0000,3
2022-07-26,20220726130500000,sh.600000,7.3700,7.3800,7.3700,7.3800,242822,1791689.0000,3
2022-07-26,20220726131000000,sh.600000,7.3800,7.3900,7.3700,7.3900,406022,2996810.0000,3
2022-07-26,20220726131500000,sh.600000,7.3800,7.3900,7.3800,7.3900,182934,1351276.0000,3
2022-07-26,20220726132000000,sh.600000,7.3900,7.3900,7.3800,7.3900,135300,999581.0000,3
2022-07-26,20220726132500000,sh.600000,7.3900,7.3900,7.3800,7.3900,241400,1783426.0000,3
2022-07-26,20220726133000000,sh.600000,7.3900,7.3900,7.3800,7.3800,140400,1037260.0000,3
2022-07-26,20220726133500000,sh.600000,7.3900,7.3900,7.3700,7.3800,347301,2563086.0000,3
2022-07-26,20220726134000000,sh.600000,7.3800,7.3800,7.3700,7.3800,89300,658974.0000,3
2022-07-26,20220726134500000,sh.600000,7.3800,7.3800,7.3700,7.3700,261200,1926603.0000,3
2022-07-26,20220726135000000,sh.600000,7.3700,7.3800,7.3700,7.3800,237400,1751364.0000,3
2022-07-26,20220726135500000,sh.600000,7.3800,7.3800,7.3700,7.3800,368100,2713755.0000,3
2022-07-26,20220726140000000,sh.600000,7.3800,7.3800,7.3700,7.3800,298000,2197032.0000,3
2022-07-26,20220726140500000,sh.600000,7.3800,7.3800,7.3700,7.3800,301200,2220965.0000,3
2022-07-26,20220726141000000,sh.600000,7.3800,7.3800,7.3700,7.3700,104743,772795.0000,3
2022-07-26,20220726141500000,sh.600000,7.3700,7.3800,7.3700,7.3800,252400,1861894.0000,3
2022-07-26,20220726142000000,sh.600000,7.3800,7.3800,7.3700,7.3700,214100,1578833.0000,3
2022-07-26,20220726142500000,sh.600000,7.3700,7.3800,7.3700,7.3800,1076100,7938146.0000,3
2022-07-26,20220726143000000,sh.600000,7.3800,7.3800,7.3700,7.3700,270200,1991947.0000,3
2022-07-26,20220726143500000,sh.600000,7.3700,7.3800,7.3700,7.3800,392400,2892573.0000,3
2022-07-26,20220726144000000,sh.600000,7.3800,7.3800,7.3700,7.3800,243500,1794962.0000,3
2022-07-26,20220726144500000,sh.600000,7.3800,7.3800,7.3700,7.3800,160500,1184127.0000,3
2022-07-26,20220726145000000,sh.600000,7.3800,7.3800,7.3700,7.3800,352659,2602307.0000,3
2022-07-26,20220726145500000,sh.600000,7.3800,7.3800,7.3700,7.3700,820000,6048021.0000,3
2022-07-26,20220726150000000,sh.600000,7.3700,7.3800,7.3700,7.3800,1082300,7986231.0000,3
2022-07-27,20220727093500000,sh.600000,7.3600,7.3700,7.3500,7.3500,745568,5486301.0000,3
2022-07-27,20220727094000000,sh.600000,7.3500,7.3700,7.3500,7.3700,469932,3457024.0000,3
2022-07-27,20220727094500000,sh.600000,7.3700,7.3700,7.3500,7.3500,459800,3381882.0000,3
2022-07-27,20220727095000000,sh.600000,7.3600,7.3600,7.3400,7.3600,382949,2814573.0000,3
2022-07-27,20220727095500000,sh.600000,7.3500,7.3600,7.3500,7.3500,338567,2488870.0000,3
2022-07-27,20220727100000000,sh.600000,7.3500,7.3600,7.3300,7.3300,1795052,13176141.0000,3
2022-07-27,20220727100500000,sh.600000,7.3300,7.3400,7.3300,7.3400,151801,1113679.0000,3
2022-07-27,20220727101000000,sh.600000,7.3400,7.3400,7.3300,7.3300,140600,1031442.0000,3
2022-07-27,20220727101500000,sh.600000,7.3400,7.3400,7.3300,7.3400,214929,1576155.0000,3
2022-07-27,20220727102000000,sh.600000,7.3400,7.3400,7.3300,7.3300,231400,1697287.0000,3
2022-07-27,20220727102500000,sh.600000,7.3300,7.3500,7.3300,7.3500,644000,4727286.0000,3
2022-07-27,20220727103000000,sh.600000,7.3500,7.3500,7.3400,7.3500,285600,2096700.0000,3
2022-07-27,20220727103500000,sh.600000,7.3500,7.3500,7.3400,7.3500,225250,1654228.0000,3
2022-07-27,20220727104000000,sh.600000,7.3500,7.3500,7.3400,7.3400,83200,611099.0000,3
2022-07-27,20220727104500000,sh.600000,7.3400,7.3500,7.3400,7.3500,110000,807984.0000,3
2022-07-27,20220727105000000,sh.600000,7.3500,7.3500,7.3300,7.3500,772300,5669051.0000,3
2022-07-27,20220727105500000,sh.600000,7.3500,7.3500,7.3400,7.3400,128700,945208.0000,3
2022-07-27,20220727110000000,sh.600000,7.3400,7.3500,7.3400,7.3500,101991,749351.0000,3
2022-07-27,20220727110500000,sh.600000,7.3500,7.3500,7.3300,7.3300,414209,3040061.0000,3
2022-07-27,20220727111000000,sh.600000,7.3300,7.3500,7.3300,7.3300,284687,2090377.0000,3
2022-07-27,20220727111500000,sh.600000,7.3300,7.3400,7.3300,7.3400,146900,1077957.0000,3
2022-07-27,20220727112000000,sh.600000,7.3400,7.3400,7.3300,7.3400,129100,947417.0000,3
2022-07-27,20220727112500000,sh.600000,7.3400,7.3400,7.3300,7.3400,82900,608308.0000,3
2022-07-27,20220727113000000,sh.600000,7.3400,7.3400,7.3300,7.3400,170700,1252761.0000,3
2022-07-27,20220727130500000,sh.600000,7.3400,7.3500,7.3300,7.3500,205445,1508446.0000,3
2022-07-27,20220727131000000,sh.600000,7.3500,7.3500,7.3400,7.3500,170900,1255499.0000,3
2022-07-27,20220727131500000,sh.600000,7.3400,7.3500,7.3300,7.3300,332600,2441957.0000,3
2022-07-27,20220727132000000,sh.600000,7.3300,7.3500,7.3300,7.3400,234800,1723136.0000,3
2022-07-27,20220727132500000,sh.600000,7.3300,7.3400,7.3300,7.3400,169700,1244714.0000,3
2022-07-27,20220727133000000,sh.600000,7.3400,7.3500,7.3300,7.3400,554091,4065119.0000,3
2022-07-27,20220727133500000,sh.600000,7.3400,7.3500,7.3400,7.3400,121301,891114.0000,3
2022-07-27,20220727134000000,sh.600000,7.3500,7.3500,7.3400,7.3400,117700,864695.0000,3
2022-07-27,20220727134500000,sh.600000,7.3400,7.3500,7.3400,7.3500,118500,870577.0000,3
2022-07-27,20220727135000000,sh.600000,7.3500,7.3500,7.3400,7.3400,68500,503375.0000,3
2022-07-27,20220727135500000,sh.600000,7.3400,7.3500,7.3400,7.3400,150700,1106836.0000,3
2022-07-27,20220727140000000,sh.600000,7.3400,7.3500,7.3400,7.3500,136100,999732.0000,3
2022-07-27,20220727140500000,sh.600000,7.3500,7.3500,7.3400,7.3500,196072,1440547.0000,3
2022-07-27,20220727141000000,sh.600000,7.3500,7.3600,7.3400,7.3600,178400,1310766.0000,3
2022-07-27,20220727141500000,sh.600000,7.3600,7.3600,7.3400,7.3500,459600,3375077.0000,3
2022-07-27,20220727142000000,sh.600000,7.3500,7.3600,7.3400,7.3600,497200,3653072.0000,3
2022-07-27,20220727142500000,sh.600000,7.3600,7.3600,7.3400,7.3400,336500,2472666.0000,3
2022-07-27,20220727143000000,sh.600000,7.3600,7.3600,7.3400,7.3400,273000,2004120.0000,3
2022-07-27,20220727143500000,sh.600000,7.3400,7.3500,7.3300,7.3400,1565700,11491942.0000,3
2022-07-27,20220727144000000,sh.600000,7.3400,7.3400,7.3300,7.3300,342900,2514810.0000,3
2022-07-27,20220727144500000,sh.600000,7.3400,7.3400,7.3300,7.3400,245100,1797517.0000,3
2022-07-27,20220727145000000,sh.600000,7.3400,7.3400,7.3300,7.3400,724300,5311146.0000,3
2022-07-27,20220727145500000,sh.600000,7.3400,7.3400,7.3300,7.3300,408300,2993921.0000,3
2022-07-27,20220727150000000,sh.600000,7.3400,7.3400,7.3300,7.3400,918873,6743403.0000,3
2022-07-28,20220728093500000,sh.600000,7.3500,7.3700,7.3400,7.3600,1299270,9556087.0000,3
2022-07-28,20220728094000000,sh.600000,7.3700,7.3700,7.3500,7.3500,395643,2912309.0000,3
2022-07-28,20220728094500000,sh.600000,7.3500,7.3600,7.3500,7.3500,324000,2383780.0000,3
2022-07-28,20220728095000000,sh.600000,7.3500,7.3600,7.3500,7.3500,169500,1246724.0000,3
2022-07-28,20220728095500000,sh.600000,7.3500,7.3500,7.3400,7.3500,991257,7284971.0000,3
2022-07-28,20220728100000000,sh.600000,7.3500,7.3500,7.3200,7.3300,2610830,19146981.0000,3
2022-07-28,20220728100500000,sh.600000,7.3300,7.3400,7.3200,7.3200,1497010,10972510.0000,3
2022-07-28,20220728101000000,sh.600000,7.3200,7.3400,7.3200,7.3300,539200,3952339.0000,3
2022-07-28,20220728101500000,sh.600000,7.3400,7.3400,7.3300,7.3400,217200,1593074.0000,3
2022-07-28,20220728102000000,sh.600000,7.3400,7.3500,7.3300,7.3500,667400,4901656.0000,3
2022-07-28,20220728102500000,sh.600000,7.3500,7.3600,7.3400,7.3600,1122490,8260151.0000,3
2022-07-28,20220728103000000,sh.600000,7.3600,7.3600,7.3500,7.3500,300200,2209259.0000,3
2022-07-28,20220728103500000,sh.600000,7.3600,7.3600,7.3500,7.3600,472600,3477592.0000,3
2022-07-28,20220728104000000,sh.600000,7.3600,7.3600,7.3500,7.3600,309406,2275791.0000,3
2022-07-28,20220728104500000,sh.600000,7.3600,7.3600,7.3500,7.3600,173800,1278765.0000,3
2022-07-28,20220728105000000,sh.600000,7.3600,7.3600,7.3500,7.3600,232900,1713430.0000,3
2022-07-28,20220728105500000,sh.600000,7.3600,7.3600,7.3500,7.3600,355900,2617882.0000,3
2022-07-28,20220728110000000,sh.600000,7.3500,7.3600,7.3500,7.3600,195800,1440330.0000,3
2022-07-28,20220728110500000,sh.600000,7.3600,7.3600,7.3400,7.3600,629300,4625697.0000,3
2022-07-28,20220728111000000,sh.600000,7.3600,7.3600,7.3500,7.3500,138600,1019610.0000,3
2022-07-28,20220728111500000,sh.600000,7.3500,7.3600,7.3500,7.3600,272400,2004047.0000,3
2022-07-28,20220728112000000,sh.600000,7.3600,7.3600,7.3400,7.3500,376100,2762155.0000,3
2022-07-28,20220728112500000,sh.600000,7.3500,7.3500,7.3400,7.3500,196999,1447040.0000,3
2022-07-28,20220728113000000,sh.600000,7.3500,7.3500,7.3400,7.3400,88000,646629.0000,3
2022-07-28,20220728130500000,sh.600000,7.3500,7.3600,7.3400,7.3500,315600,2318155.0000,3
2022-07-28,20220728131000000,sh.600000,7.3500,7.3600,7.3400,7.3500,195900,1440119.0000,3
2022-07-28,20220728131500000,sh.600000,7.3500,7.3600,7.3400,7.3400,266500,1957684.0000,3
2022-07-28,20220728132000000,sh.600000,7.3600,7.3600,7.3400,7.3500,92200,677590.0000,3
2022-07-28,20220728132500000,sh.600000,7.3500,7.3500,7.3400,7.3400,233600,1714997.0000,3
2022-07-28,20220728133000000,sh.600000,7.3400,7.3500,7.3400,7.3500,90200,662579.0000,3
2022-07-28,20220728133500000,sh.600000,7.3400,7.3500,7.3400,7.3400,128900,946629.0000,3
2022-07-28,20220728134000000,sh.600000,7.3400,7.3500,7.3400,7.3500,123800,909211.0000,3
2022-07-28,20220728134500000,sh.600000,7.3400,7.3500,7.3400,7.3500,91900,675047.0000,3
2022-07-28,20220728135000000,sh.600000,7.3400,7.3500,7.3300,7.3400,379000,2781686.0000,3
2022-07-28,20220728135500000,sh.600000,7.3400,7.3500,7.3300,7.3500,172000,1263048.0000,3
2022-07-28,20220728140000000,sh.600000,7.3400,7.3500,7.3400,7.3500,156151,1146706.0000,3
2022-07-28,20220728140500000,sh.600000,7.3500,7.3500,7.3300,7.3400,281700,2068087.0000,3
2022-07-28,20220728141000000,sh.600000,7.3400,7.3500,7.3300,7.3400,439022,3220364.0000,3
2022-07-28,20220728141500000,sh.600000,7.3500,7.3500,7.3300,7.3400,231178,1697014.0000,3
2022-07-28,20220728142000000,sh.600000,7.3400,7.3500,7.3300,7.3400,114400,839674.0000,3
2022-07-28,20220728142500000,sh.600000,7.3400,7.3500,7.3300,7.3300,94500,693489.0000,3
2022-07-28,20220728143000000,sh.600000,7.3300,7.3400,7.3300,7.3300,131600,965389.0000,3
2022-07-28,20220728143500000,sh.600000,7.3400,7.3400,7.3300,7.3400,750850,5505315.0000,3
2022-07-28,20220728144000000,sh.600000,7.3400,7.3400,7.3300,7.3400,242600,1779892.0000,3
2022-07-28,20220728144500000,sh.600000,7.3300,7.3400,7.3300,7.3400,364900,2676698.0000,3
2022-07-28,20220728145000000,sh.600000,7.3400,7.3400,7.3300,7.3400,496400,3642293.0000,3
2022-07-28,20220728145500000,sh.600000,7.3400,7.3400,7.3300,7.3300,860100,6307757.0000,3
2022-07-28,20220728150000000,sh.600000,7.3300,7.3400,7.3300,7.3300,1695566,12429191.0000,3
2022-07-29,20220729093500000,sh.600000,7.3500,7.3500,7.3300,7.3400,2324114,17061236.0000,3
2022-07-29,20220729094000000,sh.600000,7.3500,7.3500,7.3400,7.3400,375200,2756546.0000,3
2022-07-29,20220729094500000,sh.600000,7.3400,7.3500,7.3300,7.3300,1420086,10424206.0000,3
2022-07-29,20220729095000000,sh.600000,7.3400,7.3400,7.3300,7.3400,489140,3588967.0000,3
2022-07-29,20220729095500000,sh.600000,7.3400,7.3500,7.3300,7.3400,1021219,7495236.0000,3
2022-07-29,20220729100000000,sh.600000,7.3400,7.3500,7.3300,7.3300,1498000,10997092.0000,3
2022-07-29,20220729100500000,sh.600000,7.3400,7.3500,7.3300,7.3400,1266300,9294535.0000,3
2022-07-29,20220729101000000,sh.600000,7.3400,7.3400,7.3300,7.3300,139000,1019808.0000,3
2022-07-29,20220729101500000,sh.600000,7.3300,7.3400,7.3300,7.3400,310829,2279116.0000,3
2022-07-29,20220729102000000,sh.600000,7.3400,7.3400,7.3300,7.3400,159100,1167176.0000,3
2022-07-29,20220729102500000,sh.600000,7.3400,7.3400,7.3300,7.3400,273050,2002815.0000,3
2022-07-29,20220729103000000,sh.600000,7.3400,7.3400,7.3300,7.3300,497300,3645780.0000,3
2022-07-29,20220729103500000,sh.600000,7.3300,7.3300,7.3200,7.3300,753694,5523445.0000,3
2022-07-29,20220729104000000,sh.600000,7.3200,7.3300,7.3100,7.3200,2376106,17391181.0000,3
2022-07-29,20220729104500000,sh.600000,7.3200,7.3300,7.3100,7.3300,132794,972365.0000,3
2022-07-29,20220729105000000,sh.600000,7.3300,7.3300,7.3100,7.3200,858800,6286186.0000,3
2022-07-29,20220729105500000,sh.600000,7.3200,7.3200,7.3100,7.3100,321700,2352137.0000,3
2022-07-29,20220729110000000,sh.600000,7.3100,7.3200,7.3000,7.3100,1526100,11153172.0000,3
2022-07-29,20220729110500000,sh.600000,7.3100,7.3100,7.2900,7.3100,1747201,12751750.0000,3
2022-07-29,20220729111000000,sh.600000,7.3100,7.3100,7.2900,7.3000,602300,4394181.0000,3
2022-07-29,20220729111500000,sh.600000,7.2900,7.3000,7.2900,7.2900,634900,4629626.0000,3
2022-07-29,20220729112000000,sh.600000,7.2900,7.3000,7.2900,7.3000,325800,2375458.0000,3
2022-07-29,20220729112500000,sh.600000,7.2900,7.3000,7.2900,7.3000,221900,1619428.0000,3
2022-07-29,20220729113000000,sh.600000,7.2900,7.3000,7.2900,7.2900,279300,2037727.0000,3
2022-07-29,20220729130500000,sh.600000,7.2900,7.3000,7.2900,7.3000,552630,4030252.0000,3
2022-07-29,20220729131000000,sh.600000,7.3000,7.3000,7.2800,7.2900,681970,4971500.0000,3
2022-07-29,20220729131500000,sh.600000,7.2900,7.2900,7.2700,7.2800,1216300,8853200.0000,3
2022-07-29,20220729132000000,sh.600000,7.2800,7.2800,7.2700,7.2800,204300,1486192.0000,3
2022-07-29,20220729132500000,sh.600000,7.2800,7.2900,7.2700,7.2900,547664,3986913.0000,3
2022-07-29,20220729133000000,sh.600000,7.2800,7.2900,7.2800,7.2800,540034,3932280.0000,3
2022-07-29,20220729133500000,sh.600000,7.2800,7.2900,7.2800,7.2900,245600,1789114.0000,3
2022-07-29,20220729134000000,sh.600000,7.2900,7.3000,7.2800,7.2900,465800,3395777.0000,3
2022-07-29,20220729134500000,sh.600000,7.2900,7.3000,7.2800,7.2900,201600,1469238.0000,3
2022-07-29,20220729135000000,sh.600000,7.2900,7.3000,7.2700,7.2800,1790300,13031472.0000,3
2022-07-29,20220729135500000,sh.600000,7.2800,7.2900,7.2700,7.2800,426600,3105965.0000,3
2022-07-29,20220729140000000,sh.600000,7.2700,7.2900,7.2700,7.2900,738200,5372932.0000,3
2022-07-29,20220729140500000,sh.600000,7.2900,7.2900,7.2700,7.2900,271186,1974281.0000,3
2022-07-29,20220729141000000,sh.600000,7.2800,7.2900,7.2700,7.2700,994800,7233619.0000,3
2022-07-29,20220729141500000,sh.600000,7.2700,7.2700,7.2500,7.2600,3596580,26117491.0000,3
2022-07-29,20220729142000000,sh.600000,7.2500,7.2600,7.2500,7.2600,718542,5212898.0000,3
2022-07-29,20220729142500000,sh.600000,7.2600,7.2600,7.2500,7.2600,788000,5718292.0000,3
2022-07-29,20220729143000000,sh.600000,7.2600,7.2700,7.2500,7.2600,978100,7100184.0000,3
2022-07-29,20220729143500000,sh.600000,7.2600,7.2600,7.2500,7.2600,854000,6197804.0000,3
2022-07-29,20220729144000000,sh.600000,7.2500,7.2600,7.2400,7.2500,2280958,16538355.0000,3
2022-07-29,20220729144500000,sh.600000,7.2500,7.2500,7.2300,7.2400,2477400,17932752.0000,3
2022-07-29,20220729145000000,sh.600000,7.2300,7.2500,7.2300,7.2400,1461621,10581344.0000,3
2022-07-29,20220729145500000,sh.600000,7.2500,7.2600,7.2400,7.2400,1121914,8130368.0000,3
2022-07-29,20220729150000000,sh.600000,7.2500,7.2600,7.2500,7.2600,1165284,8457152.0000,3
